timestamp,name,address,value,min,max
2026-07-09 15:50:07,Pond Level (mm),50,2093,0,2500
2026-07-09 15:50:07,Current Output (kW),33,618,0,1050
2026-07-09 15:50:07,Station Setpoint (kW),60,512,0,1050
2026-07-09 15:50:12,Pond Level (mm),50,2093,0,2500
2026-07-09 15:50:12,Current Output (kW),33,616,0,1050
2026-07-09 15:50:12,Station Setpoint (kW),60,512,0,1050
2026-07-09 15:50:17,Pond Level (mm),50,2092,0,2500
2026-07-09 15:50:17,Current Output (kW),33,616,0,1050
2026-07-09 15:50:17,Station Setpoint (kW),60,507,0,1050
2026-07-09 15:50:22,Pond Level (mm),50,2092,0,2500
2026-07-09 15:50:22,Current Output (kW),33,614,0,1050
2026-07-09 15:50:22,Station Setpoint (kW),60,507,0,1050
2026-07-09 15:50:27,Pond Level (mm),50,2092,0,2500
2026-07-09 15:50:27,Current Output (kW),33,613,0,1050
2026-07-09 15:50:27,Station Setpoint (kW),60,507,0,1050
2026-07-09 15:50:32,Pond Level (mm),50,2092,0,2500
2026-07-09 15:50:32,Current Output (kW),33,611,0,1050
2026-07-09 15:50:32,Station Setpoint (kW),60,507,0,1050
2026-07-09 15:50:37,Pond Level (mm),50,2092,0,2500
2026-07-09 15:50:37,Current Output (kW),33,611,0,1050
2026-07-09 15:50:37,Station Setpoint (kW),60,507,0,1050
2026-07-09 15:50:42,Pond Level (mm),50,2092,0,2500
2026-07-09 15:50:42,Current Output (kW),33,609,0,1050
2026-07-09 15:50:42,Station Setpoint (kW),60,507,0,1050
2026-07-09 15:50:47,Pond Level (mm),50,2091,0,2500
2026-07-09 15:50:47,Current Output (kW),33,607,0,1050
2026-07-09 15:50:47,Station Setpoint (kW),60,499,0,1050
2026-07-09 15:50:52,Pond Level (mm),50,2091,0,2500
2026-07-09 15:50:52,Current Output (kW),33,606,0,1050
2026-07-09 15:50:52,Station Setpoint (kW),60,499,0,1050
2026-07-09 15:50:57,Pond Level (mm),50,2091,0,2500
2026-07-09 15:50:57,Current Output (kW),33,604,0,1050
2026-07-09 15:50:57,Station Setpoint (kW),60,499,0,1050
2026-07-09 15:51:02,Pond Level (mm),50,2091,0,2500
2026-07-09 15:51:02,Current Output (kW),33,603,0,1050
2026-07-09 15:51:02,Station Setpoint (kW),60,499,0,1050
2026-07-09 15:51:07,Pond Level (mm),50,2091,0,2500
2026-07-09 15:51:07,Current Output (kW),33,602,0,1050
2026-07-09 15:51:07,Station Setpoint (kW),60,499,0,1050
2026-07-09 15:51:12,Pond Level (mm),50,2091,0,2500
2026-07-09 15:51:12,Current Output (kW),33,599,0,1050
2026-07-09 15:51:12,Station Setpoint (kW),60,499,0,1050
2026-07-09 15:51:18,Pond Level (mm),50,2090,0,2500
2026-07-09 15:51:18,Current Output (kW),33,600,0,1050
2026-07-09 15:51:18,Station Setpoint (kW),60,494,0,1050
2026-07-09 15:51:23,Pond Level (mm),50,2090,0,2500
2026-07-09 15:51:23,Current Output (kW),33,598,0,1050
2026-07-09 15:51:23,Station Setpoint (kW),60,494,0,1050
2026-07-09 15:51:28,Pond Level (mm),50,2090,0,2500
2026-07-09 15:51:28,Current Output (kW),33,594,0,1050
2026-07-09 15:51:28,Station Setpoint (kW),60,494,0,1050
2026-07-09 15:51:33,Pond Level (mm),50,2090,0,2500
2026-07-09 15:51:33,Current Output (kW),33,611,0,1050
2026-07-09 15:51:33,Station Setpoint (kW),60,494,0,1050
2026-07-09 15:51:38,Pond Level (mm),50,2090,0,2500
2026-07-09 15:51:38,Current Output (kW),33,610,0,1050
2026-07-09 15:51:38,Station Setpoint (kW),60,494,0,1050
2026-07-09 15:51:43,Pond Level (mm),50,2090,0,2500
2026-07-09 15:51:43,Current Output (kW),33,612,0,1050
2026-07-09 15:51:43,Station Setpoint (kW),60,494,0,1050
2026-07-09 15:51:48,Pond Level (mm),50,2088,0,2500
2026-07-09 15:51:48,Current Output (kW),33,612,0,1050
2026-07-09 15:51:48,Station Setpoint (kW),60,484,0,1050
2026-07-09 15:51:53,Pond Level (mm),50,2088,0,2500
2026-07-09 15:51:53,Current Output (kW),33,612,0,1050
2026-07-09 15:51:53,Station Setpoint (kW),60,484,0,1050
2026-07-09 15:51:58,Pond Level (mm),50,2088,0,2500
2026-07-09 15:51:58,Current Output (kW),33,611,0,1050
2026-07-09 15:51:58,Station Setpoint (kW),60,484,0,1050
2026-07-09 15:52:03,Pond Level (mm),50,2088,0,2500
2026-07-09 15:52:03,Current Output (kW),33,608,0,1050
2026-07-09 15:52:03,Station Setpoint (kW),60,484,0,1050
2026-07-09 15:52:08,Pond Level (mm),50,2088,0,2500
2026-07-09 15:52:08,Current Output (kW),33,608,0,1050
2026-07-09 15:52:08,Station Setpoint (kW),60,484,0,1050
2026-07-09 15:52:13,Pond Level (mm),50,2088,0,2500
2026-07-09 15:52:13,Current Output (kW),33,607,0,1050
2026-07-09 15:52:13,Station Setpoint (kW),60,484,0,1050
2026-07-09 15:52:18,Pond Level (mm),50,2087,0,2500
2026-07-09 15:52:18,Current Output (kW),33,604,0,1050
2026-07-09 15:52:18,Station Setpoint (kW),60,479,0,1050
2026-07-09 15:52:23,Pond Level (mm),50,2087,0,2500
2026-07-09 15:52:23,Current Output (kW),33,604,0,1050
2026-07-09 15:52:23,Station Setpoint (kW),60,479,0,1050
2026-07-09 15:52:28,Pond Level (mm),50,2087,0,2500
2026-07-09 15:52:28,Current Output (kW),33,602,0,1050
2026-07-09 15:52:28,Station Setpoint (kW),60,479,0,1050
2026-07-09 15:52:33,Pond Level (mm),50,2087,0,2500
2026-07-09 15:52:33,Current Output (kW),33,601,0,1050
2026-07-09 15:52:33,Station Setpoint (kW),60,479,0,1050
2026-07-09 15:52:38,Pond Level (mm),50,2087,0,2500
2026-07-09 15:52:38,Current Output (kW),33,598,0,1050
2026-07-09 15:52:38,Station Setpoint (kW),60,479,0,1050
2026-07-09 15:52:43,Pond Level (mm),50,2087,0,2500
2026-07-09 15:52:43,Current Output (kW),33,598,0,1050
2026-07-09 15:52:43,Station Setpoint (kW),60,479,0,1050
2026-07-09 15:52:48,Pond Level (mm),50,2085,0,2500
2026-07-09 15:52:48,Current Output (kW),33,595,0,1050
2026-07-09 15:52:48,Station Setpoint (kW),60,469,0,1050
2026-07-09 15:52:53,Pond Level (mm),50,2085,0,2500
2026-07-09 15:52:53,Current Output (kW),33,595,0,1050
2026-07-09 15:52:53,Station Setpoint (kW),60,469,0,1050
2026-07-09 15:52:58,Pond Level (mm),50,2085,0,2500
2026-07-09 15:52:58,Current Output (kW),33,589,0,1050
2026-07-09 15:52:58,Station Setpoint (kW),60,469,0,1050
2026-07-09 15:53:03,Pond Level (mm),50,2085,0,2500
2026-07-09 15:53:03,Current Output (kW),33,600,0,1050
2026-07-09 15:53:03,Station Setpoint (kW),60,469,0,1050
2026-07-09 15:53:08,Pond Level (mm),50,2085,0,2500
2026-07-09 15:53:08,Current Output (kW),33,601,0,1050
2026-07-09 15:53:08,Station Setpoint (kW),60,469,0,1050
2026-07-09 15:53:13,Pond Level (mm),50,2085,0,2500
2026-07-09 15:53:13,Current Output (kW),33,602,0,1050
2026-07-09 15:53:13,Station Setpoint (kW),60,469,0,1050
2026-07-09 15:53:18,Pond Level (mm),50,2084,0,2500
2026-07-09 15:53:18,Current Output (kW),33,603,0,1050
2026-07-09 15:53:18,Station Setpoint (kW),60,464,0,1050
2026-07-09 15:53:23,Pond Level (mm),50,2084,0,2500
2026-07-09 15:53:23,Current Output (kW),33,598,0,1050
2026-07-09 15:53:23,Station Setpoint (kW),60,464,0,1050
2026-07-09 15:53:28,Pond Level (mm),50,2084,0,2500
2026-07-09 15:53:28,Current Output (kW),33,595,0,1050
2026-07-09 15:53:28,Station Setpoint (kW),60,464,0,1050
2026-07-09 15:53:33,Pond Level (mm),50,2084,0,2500
2026-07-09 15:53:33,Current Output (kW),33,592,0,1050
2026-07-09 15:53:33,Station Setpoint (kW),60,464,0,1050
2026-07-09 15:53:38,Pond Level (mm),50,2084,0,2500
2026-07-09 15:53:38,Current Output (kW),33,589,0,1050
2026-07-09 15:53:38,Station Setpoint (kW),60,464,0,1050
2026-07-09 15:53:43,Pond Level (mm),50,2084,0,2500
2026-07-09 15:53:43,Current Output (kW),33,588,0,1050
2026-07-09 15:53:43,Station Setpoint (kW),60,464,0,1050
2026-07-09 15:53:49,Pond Level (mm),50,2082,0,2500
2026-07-09 15:53:49,Current Output (kW),33,585,0,1050
2026-07-09 15:53:49,Station Setpoint (kW),60,454,0,1050
2026-07-09 15:53:54,Pond Level (mm),50,2082,0,2500
2026-07-09 15:53:54,Current Output (kW),33,581,0,1050
2026-07-09 15:53:54,Station Setpoint (kW),60,454,0,1050
2026-07-09 15:53:59,Pond Level (mm),50,2082,0,2500
2026-07-09 15:53:59,Current Output (kW),33,577,0,1050
2026-07-09 15:53:59,Station Setpoint (kW),60,454,0,1050
2026-07-09 15:54:04,Pond Level (mm),50,2082,0,2500
2026-07-09 15:54:04,Current Output (kW),33,574,0,1050
2026-07-09 15:54:04,Station Setpoint (kW),60,454,0,1050
2026-07-09 15:54:09,Pond Level (mm),50,2082,0,2500
2026-07-09 15:54:09,Current Output (kW),33,570,0,1050
2026-07-09 15:54:09,Station Setpoint (kW),60,454,0,1050
2026-07-09 15:54:14,Pond Level (mm),50,2081,0,2500
2026-07-09 15:54:14,Current Output (kW),33,567,0,1050
2026-07-09 15:54:14,Station Setpoint (kW),60,449,0,1050
2026-07-09 15:54:20,Pond Level (mm),50,2081,0,2500
2026-07-09 15:54:20,Current Output (kW),33,566,0,1050
2026-07-09 15:54:20,Station Setpoint (kW),60,449,0,1050
2026-07-09 15:54:25,Pond Level (mm),50,2081,0,2500
2026-07-09 15:54:25,Current Output (kW),33,565,0,1050
2026-07-09 15:54:25,Station Setpoint (kW),60,449,0,1050
2026-07-09 15:54:30,Pond Level (mm),50,2081,0,2500
2026-07-09 15:54:30,Current Output (kW),33,580,0,1050
2026-07-09 15:54:30,Station Setpoint (kW),60,449,0,1050
2026-07-09 15:54:35,Pond Level (mm),50,2081,0,2500
2026-07-09 15:54:35,Current Output (kW),33,579,0,1050
2026-07-09 15:54:35,Station Setpoint (kW),60,449,0,1050
2026-07-09 15:54:40,Pond Level (mm),50,2081,0,2500
2026-07-09 15:54:40,Current Output (kW),33,579,0,1050
2026-07-09 15:54:40,Station Setpoint (kW),60,449,0,1050
2026-07-09 15:54:45,Pond Level (mm),50,2079,0,2500
2026-07-09 15:54:45,Current Output (kW),33,579,0,1050
2026-07-09 15:54:45,Station Setpoint (kW),60,439,0,1050
2026-07-09 15:54:50,Pond Level (mm),50,2079,0,2500
2026-07-09 15:54:50,Current Output (kW),33,578,0,1050
2026-07-09 15:54:50,Station Setpoint (kW),60,439,0,1050
2026-07-09 15:54:55,Pond Level (mm),50,2079,0,2500
2026-07-09 15:54:55,Current Output (kW),33,572,0,1050
2026-07-09 15:54:55,Station Setpoint (kW),60,439,0,1050
2026-07-09 15:55:00,Pond Level (mm),50,2079,0,2500
2026-07-09 15:55:00,Current Output (kW),33,568,0,1050
2026-07-09 15:55:00,Station Setpoint (kW),60,439,0,1050
2026-07-09 15:55:05,Pond Level (mm),50,2079,0,2500
2026-07-09 15:55:05,Current Output (kW),33,566,0,1050
2026-07-09 15:55:05,Station Setpoint (kW),60,439,0,1050
2026-07-09 15:55:10,Pond Level (mm),50,2079,0,2500
2026-07-09 15:55:10,Current Output (kW),33,564,0,1050
2026-07-09 15:55:10,Station Setpoint (kW),60,439,0,1050
2026-07-09 15:55:15,Pond Level (mm),50,2078,0,2500
2026-07-09 15:55:15,Current Output (kW),33,563,0,1050
2026-07-09 15:55:15,Station Setpoint (kW),60,434,0,1050
2026-07-09 15:55:20,Pond Level (mm),50,2078,0,2500
2026-07-09 15:55:20,Current Output (kW),33,562,0,1050
2026-07-09 15:55:20,Station Setpoint (kW),60,434,0,1050
2026-07-09 15:55:25,Pond Level (mm),50,2078,0,2500
2026-07-09 15:55:25,Current Output (kW),33,555,0,1050
2026-07-09 15:55:25,Station Setpoint (kW),60,434,0,1050
2026-07-09 15:55:30,Pond Level (mm),50,2078,0,2500
2026-07-09 15:55:30,Current Output (kW),33,550,0,1050
2026-07-09 15:55:30,Station Setpoint (kW),60,434,0,1050
2026-07-09 15:55:35,Pond Level (mm),50,2078,0,2500
2026-07-09 15:55:35,Current Output (kW),33,548,0,1050
2026-07-09 15:55:35,Station Setpoint (kW),60,434,0,1050
2026-07-09 15:55:40,Pond Level (mm),50,2078,0,2500
2026-07-09 15:55:40,Current Output (kW),33,546,0,1050
2026-07-09 15:55:40,Station Setpoint (kW),60,434,0,1050
2026-07-09 15:55:45,Pond Level (mm),50,2076,0,2500
2026-07-09 15:55:45,Current Output (kW),33,541,0,1050
2026-07-09 15:55:45,Station Setpoint (kW),60,424,0,1050
2026-07-09 15:55:50,Pond Level (mm),50,2076,0,2500
2026-07-09 15:55:50,Current Output (kW),33,557,0,1050
2026-07-09 15:55:50,Station Setpoint (kW),60,424,0,1050
2026-07-09 15:55:55,Pond Level (mm),50,2076,0,2500
2026-07-09 15:55:55,Current Output (kW),33,558,0,1050
2026-07-09 15:55:55,Station Setpoint (kW),60,424,0,1050
2026-07-09 15:56:00,Pond Level (mm),50,2076,0,2500
2026-07-09 15:56:00,Current Output (kW),33,557,0,1050
2026-07-09 15:56:00,Station Setpoint (kW),60,424,0,1050
2026-07-09 15:56:05,Pond Level (mm),50,2076,0,2500
2026-07-09 15:56:05,Current Output (kW),33,557,0,1050
2026-07-09 15:56:05,Station Setpoint (kW),60,424,0,1050
2026-07-09 15:56:10,Pond Level (mm),50,2076,0,2500
2026-07-09 15:56:10,Current Output (kW),33,553,0,1050
2026-07-09 15:56:10,Station Setpoint (kW),60,424,0,1050
2026-07-09 15:56:15,Pond Level (mm),50,2075,0,2500
2026-07-09 15:56:15,Current Output (kW),33,549,0,1050
2026-07-09 15:56:15,Station Setpoint (kW),60,419,0,1050
2026-07-09 15:56:20,Pond Level (mm),50,2075,0,2500
2026-07-09 15:56:20,Current Output (kW),33,545,0,1050
2026-07-09 15:56:20,Station Setpoint (kW),60,419,0,1050
2026-07-09 15:56:25,Pond Level (mm),50,2075,0,2500
2026-07-09 15:56:25,Current Output (kW),33,541,0,1050
2026-07-09 15:56:25,Station Setpoint (kW),60,419,0,1050
2026-07-09 15:56:30,Pond Level (mm),50,2075,0,2500
2026-07-09 15:56:30,Current Output (kW),33,538,0,1050
2026-07-09 15:56:30,Station Setpoint (kW),60,419,0,1050
2026-07-09 15:56:38,Pond Level (mm),50,2075,0,2500
2026-07-09 15:56:38,Current Output (kW),33,536,0,1050
2026-07-09 15:56:38,Station Setpoint (kW),60,419,0,1050
2026-07-09 15:56:43,Pond Level (mm),50,2075,0,2500
2026-07-09 15:56:43,Current Output (kW),33,534,0,1050
2026-07-09 15:56:43,Station Setpoint (kW),60,419,0,1050
2026-07-09 15:56:48,Pond Level (mm),50,2074,0,2500
2026-07-09 15:56:48,Current Output (kW),33,532,0,1050
2026-07-09 15:56:48,Station Setpoint (kW),60,414,0,1050
2026-07-09 15:56:53,Pond Level (mm),50,2074,0,2500
2026-07-09 15:56:53,Current Output (kW),33,531,0,1050
2026-07-09 15:56:53,Station Setpoint (kW),60,414,0,1050
2026-07-09 15:56:58,Pond Level (mm),50,2074,0,2500
2026-07-09 15:56:58,Current Output (kW),33,528,0,1050
2026-07-09 15:56:58,Station Setpoint (kW),60,414,0,1050
2026-07-09 15:57:03,Pond Level (mm),50,2074,0,2500
2026-07-09 15:57:03,Current Output (kW),33,527,0,1050
2026-07-09 15:57:03,Station Setpoint (kW),60,414,0,1050
2026-07-09 15:57:08,Pond Level (mm),50,2074,0,2500
2026-07-09 15:57:08,Current Output (kW),33,529,0,1050
2026-07-09 15:57:08,Station Setpoint (kW),60,414,0,1050
2026-07-09 15:57:13,Pond Level (mm),50,2074,0,2500
2026-07-09 15:57:13,Current Output (kW),33,541,0,1050
2026-07-09 15:57:13,Station Setpoint (kW),60,414,0,1050
2026-07-09 15:57:18,Pond Level (mm),50,2074,0,2500
2026-07-09 15:57:18,Current Output (kW),33,540,0,1050
2026-07-09 15:57:18,Station Setpoint (kW),60,414,0,1050
2026-07-09 15:57:24,Pond Level (mm),50,2074,0,2500
2026-07-09 15:57:24,Current Output (kW),33,541,0,1050
2026-07-09 15:57:24,Station Setpoint (kW),60,414,0,1050
2026-07-09 15:57:29,Pond Level (mm),50,2074,0,2500
2026-07-09 15:57:29,Current Output (kW),33,541,0,1050
2026-07-09 15:57:29,Station Setpoint (kW),60,414,0,1050
2026-07-09 15:57:34,Pond Level (mm),50,2074,0,2500
2026-07-09 15:57:34,Current Output (kW),33,542,0,1050
2026-07-09 15:57:34,Station Setpoint (kW),60,414,0,1050
2026-07-09 15:57:39,Pond Level (mm),50,2074,0,2500
2026-07-09 15:57:39,Current Output (kW),33,538,0,1050
2026-07-09 15:57:39,Station Setpoint (kW),60,414,0,1050
2026-07-09 15:57:44,Pond Level (mm),50,2074,0,2500
2026-07-09 15:57:44,Current Output (kW),33,536,0,1050
2026-07-09 15:57:44,Station Setpoint (kW),60,414,0,1050
2026-07-09 15:57:49,Pond Level (mm),50,2073,0,2500
2026-07-09 15:57:49,Current Output (kW),33,534,0,1050
2026-07-09 15:57:49,Station Setpoint (kW),60,409,0,1050
2026-07-09 15:57:54,Pond Level (mm),50,2073,0,2500
2026-07-09 15:57:54,Current Output (kW),33,534,0,1050
2026-07-09 15:57:54,Station Setpoint (kW),60,409,0,1050
2026-07-09 15:57:54,WL Setpoint (mm),340,2100,0.0,2500.0
2026-07-09 15:57:59,Pond Level (mm),50,2073,0,2500
2026-07-09 15:57:59,Current Output (kW),33,532,0,1050
2026-07-09 15:57:59,Station Setpoint (kW),60,409,0,1050
2026-07-09 15:57:59,WL Setpoint (mm),340,2100,0.0,2500.0
2026-07-09 15:58:04,Pond Level (mm),50,2073,0,2500
2026-07-09 15:58:04,Current Output (kW),33,530,0,1050
2026-07-09 15:58:04,Station Setpoint (kW),60,409,0,1050
2026-07-09 15:58:04,WL Setpoint (mm),340,2100,0.0,2500.0
2026-07-09 15:58:09,Pond Level (mm),50,2073,0,2500
2026-07-09 15:58:09,Current Output (kW),33,527,0,1050
2026-07-09 15:58:09,Station Setpoint (kW),60,409,0,1050
2026-07-09 15:58:09,WL Setpoint (mm),340,2100,0.0,2500.0
2026-07-09 15:58:14,Pond Level (mm),50,2072,0,2500
2026-07-09 15:58:14,Current Output (kW),33,525,0,1050
2026-07-09 15:58:14,Station Setpoint (kW),60,404,0,1050
2026-07-09 15:58:14,WL Setpoint (mm),340,2100,0.0,2500.0
2026-07-09 15:58:19,Pond Level (mm),50,2072,0,2500
2026-07-09 15:58:19,Current Output (kW),33,523,0,1050
2026-07-09 15:58:19,Station Setpoint (kW),60,404,0,1050
2026-07-09 15:58:19,WL Setpoint (mm),340,2100,0.0,2500.0
2026-07-09 15:58:24,Pond Level (mm),50,2072,0,2500
2026-07-09 15:58:24,Current Output (kW),33,521,0,1050
2026-07-09 15:58:24,Station Setpoint (kW),60,404,0,1050
2026-07-09 15:58:24,WL Setpoint (mm),340,2100,0.0,2500.0
2026-07-09 15:58:29,Pond Level (mm),50,2072,0,2500
2026-07-09 15:58:29,Current Output (kW),33,520,0,1050
2026-07-09 15:58:29,Station Setpoint (kW),60,404,0,1050
2026-07-09 15:58:29,WL Setpoint (mm),340,2100,0.0,2500.0
2026-07-09 15:58:34,Pond Level (mm),50,2072,0,2500
2026-07-09 15:58:34,Current Output (kW),33,518,0,1050
2026-07-09 15:58:34,Station Setpoint (kW),60,404,0,1050
2026-07-09 15:58:34,WL Setpoint (mm),340,2100,0.0,2500.0
2026-07-09 15:58:39,Pond Level (mm),50,2072,0,2500
2026-07-09 15:58:39,Current Output (kW),33,515,0,1050
2026-07-09 15:58:39,Station Setpoint (kW),60,404,0,1050
2026-07-09 15:58:39,WL Setpoint (mm),340,2100,0.0,2500.0
2026-07-09 15:58:44,Pond Level (mm),50,2071,0,2500
2026-07-09 15:58:44,Current Output (kW),33,514,0,1050
2026-07-09 15:58:44,Station Setpoint (kW),60,399,0,1050
2026-07-09 15:58:44,WL Setpoint (mm),340,2100,0.0,2500.0
2026-07-09 15:58:49,Pond Level (mm),50,2071,0,2500
2026-07-09 15:58:49,Current Output (kW),33,511,0,1050
2026-07-09 15:58:49,Station Setpoint (kW),60,399,0,1050
2026-07-09 15:58:49,WL Setpoint (mm),340,2100,0.0,2500.0
2026-07-09 15:58:54,Pond Level (mm),50,2071,0,2500
2026-07-09 15:58:54,Current Output (kW),33,509,0,1050
2026-07-09 15:58:54,Station Setpoint (kW),60,399,0,1050
2026-07-09 15:58:54,WL Setpoint (mm),340,2100,0.0,2500.0
2026-07-09 15:58:59,Pond Level (mm),50,2071,0,2500
2026-07-09 15:58:59,Current Output (kW),33,507,0,1050
2026-07-09 15:58:59,Station Setpoint (kW),60,399,0,1050
2026-07-09 15:58:59,WL Setpoint (mm),340,2100,0.0,2500.0
2026-07-09 15:59:04,Pond Level (mm),50,2071,0,2500
2026-07-09 15:59:04,Current Output (kW),33,505,0,1050
2026-07-09 15:59:04,Station Setpoint (kW),60,399,0,1050
2026-07-09 15:59:04,WL Setpoint (mm),340,2100,0.0,2500.0
2026-07-09 15:59:09,Pond Level (mm),50,2071,0,2500
2026-07-09 15:59:09,Current Output (kW),33,503,0,1050
2026-07-09 15:59:09,Station Setpoint (kW),60,399,0,1050
2026-07-09 15:59:09,WL Setpoint (mm),340,2100,0.0,2500.0
2026-07-09 15:59:14,Pond Level (mm),50,2071,0,2500
2026-07-09 15:59:14,Current Output (kW),33,500,0,1050
2026-07-09 15:59:14,Station Setpoint (kW),60,399,0,1050
2026-07-09 15:59:14,WL Setpoint (mm),340,2100,0.0,2500.0
2026-07-09 15:59:19,Pond Level (mm),50,2071,0,2500
2026-07-09 15:59:19,Current Output (kW),33,499,0,1050
2026-07-09 15:59:19,Station Setpoint (kW),60,399,0,1050
2026-07-09 15:59:19,WL Setpoint (mm),340,2100,0.0,2500.0
2026-07-09 15:59:24,Pond Level (mm),50,2071,0,2500
2026-07-09 15:59:24,Current Output (kW),33,498,0,1050
2026-07-09 15:59:24,Station Setpoint (kW),60,399,0,1050
2026-07-09 15:59:24,WL Setpoint (mm),340,2100,0.0,2500.0
2026-07-09 15:59:29,Pond Level (mm),50,2071,0,2500
2026-07-09 15:59:29,Current Output (kW),33,495,0,1050
2026-07-09 15:59:29,Station Setpoint (kW),60,399,0,1050
2026-07-09 15:59:29,WL Setpoint (mm),340,2100,0.0,2500.0
2026-07-09 15:59:34,Pond Level (mm),50,2071,0,2500
2026-07-09 15:59:34,Current Output (kW),33,493,0,1050
2026-07-09 15:59:34,Station Setpoint (kW),60,399,0,1050
2026-07-09 15:59:34,WL Setpoint (mm),340,2100,0.0,2500.0
2026-07-09 15:59:39,Pond Level (mm),50,2071,0,2500
2026-07-09 15:59:39,Current Output (kW),33,478,0,1050
2026-07-09 15:59:39,Station Setpoint (kW),60,399,0,1050
2026-07-09 15:59:39,WL Setpoint (mm),340,2100,0.0,2500.0
2026-07-09 15:59:44,Pond Level (mm),50,2071,0,2500
2026-07-09 15:59:44,Current Output (kW),33,462,0,1050
2026-07-09 15:59:44,Station Setpoint (kW),60,399,0,1050
2026-07-09 15:59:44,WL Setpoint (mm),340,2100,0.0,2500.0
2026-07-09 15:59:50,Pond Level (mm),50,2071,0,2500
2026-07-09 15:59:50,Current Output (kW),33,458,0,1050
2026-07-09 15:59:50,Station Setpoint (kW),60,399,0,1050
2026-07-09 15:59:50,WL Setpoint (mm),340,2100,0.0,2500.0
2026-07-09 15:59:55,Pond Level (mm),50,2071,0,2500
2026-07-09 15:59:55,Current Output (kW),33,412,0,1050
2026-07-09 15:59:55,Station Setpoint (kW),60,399,0,1050
2026-07-09 15:59:55,WL Setpoint (mm),340,2100,0.0,2500.0
2026-07-09 16:00:00,Pond Level (mm),50,2071,0,2500
2026-07-09 16:00:00,Current Output (kW),33,401,0,1050
2026-07-09 16:00:00,Station Setpoint (kW),60,399,0,1050
2026-07-09 16:00:00,WL Setpoint (mm),340,2100,0.0,2500.0
2026-07-09 16:00:05,Pond Level (mm),50,2071,0,2500
2026-07-09 16:00:05,Current Output (kW),33,399,0,1050
2026-07-09 16:00:05,Station Setpoint (kW),60,399,0,1050
2026-07-09 16:00:05,WL Setpoint (mm),340,2100,0.0,2500.0
2026-07-09 16:00:10,Pond Level (mm),50,2071,0,2500
2026-07-09 16:00:10,Current Output (kW),33,395,0,1050
2026-07-09 16:00:10,Station Setpoint (kW),60,399,0,1050
2026-07-09 16:00:10,WL Setpoint (mm),340,2100,0.0,2500.0
2026-07-09 16:00:15,Pond Level (mm),50,2071,0,2500
2026-07-09 16:00:15,Current Output (kW),33,391,0,1050
2026-07-09 16:00:15,Station Setpoint (kW),60,399,0,1050
2026-07-09 16:00:15,WL Setpoint (mm),340,2100,0.0,2500.0
2026-07-09 16:00:20,Pond Level (mm),50,2071,0,2500
2026-07-09 16:00:20,Current Output (kW),33,389,0,1050
2026-07-09 16:00:20,Station Setpoint (kW),60,399,0,1050
2026-07-09 16:00:20,WL Setpoint (mm),340,2100,0.0,2500.0
2026-07-09 16:00:25,Pond Level (mm),50,2071,0,2500
2026-07-09 16:00:25,Current Output (kW),33,389,0,1050
2026-07-09 16:00:25,Station Setpoint (kW),60,399,0,1050
2026-07-09 16:00:25,WL Setpoint (mm),340,2100,0.0,2500.0
2026-07-09 16:00:30,Pond Level (mm),50,2071,0,2500
2026-07-09 16:00:30,Current Output (kW),33,390,0,1050
2026-07-09 16:00:30,Station Setpoint (kW),60,399,0,1050
2026-07-09 16:00:30,WL Setpoint (mm),340,2100,0.0,2500.0
2026-07-09 16:00:35,Pond Level (mm),50,2071,0,2500
2026-07-09 16:00:35,Current Output (kW),33,390,0,1050
2026-07-09 16:00:35,Station Setpoint (kW),60,399,0,1050
2026-07-09 16:00:35,WL Setpoint (mm),340,2100,0.0,2500.0
2026-07-09 16:00:40,Pond Level (mm),50,2071,0,2500
2026-07-09 16:00:40,Current Output (kW),33,387,0,1050
2026-07-09 16:00:40,Station Setpoint (kW),60,399,0,1050
2026-07-09 16:00:40,WL Setpoint (mm),340,2100,0.0,2500.0
2026-07-09 16:00:45,Pond Level (mm),50,2071,0,2500
2026-07-09 16:00:45,Current Output (kW),33,386,0,1050
2026-07-09 16:00:45,Station Setpoint (kW),60,388,0,1050
2026-07-09 16:00:45,WL Setpoint (mm),340,2100,0.0,2500.0
2026-07-09 16:00:50,Pond Level (mm),50,2071,0,2500
2026-07-09 16:00:50,Current Output (kW),33,385,0,1050
2026-07-09 16:00:50,Station Setpoint (kW),60,388,0,1050
2026-07-09 16:00:50,WL Setpoint (mm),340,2100,0.0,2500.0
2026-07-09 16:00:55,Pond Level (mm),50,2071,0,2500
2026-07-09 16:00:55,Current Output (kW),33,385,0,1050
2026-07-09 16:00:55,Station Setpoint (kW),60,388,0,1050
2026-07-09 16:00:55,WL Setpoint (mm),340,2100,0.0,2500.0
2026-07-09 16:01:00,Pond Level (mm),50,2071,0,2500
2026-07-09 16:01:00,Current Output (kW),33,384,0,1050
2026-07-09 16:01:00,Station Setpoint (kW),60,388,0,1050
2026-07-09 16:01:00,WL Setpoint (mm),340,2100,0.0,2500.0
2026-07-09 16:01:05,Pond Level (mm),50,2071,0,2500
2026-07-09 16:01:05,Current Output (kW),33,383,0,1050
2026-07-09 16:01:05,Station Setpoint (kW),60,388,0,1050
2026-07-09 16:01:05,WL Setpoint (mm),340,2100,0.0,2500.0
2026-07-09 16:01:10,Pond Level (mm),50,2071,0,2500
2026-07-09 16:01:10,Current Output (kW),33,383,0,1050
2026-07-09 16:01:10,Station Setpoint (kW),60,388,0,1050
2026-07-09 16:01:10,WL Setpoint (mm),340,2100,0.0,2500.0
2026-07-09 16:01:15,Pond Level (mm),50,2071,0,2500
2026-07-09 16:01:15,Current Output (kW),33,381,0,1050
2026-07-09 16:01:15,Station Setpoint (kW),60,388,0,1050
2026-07-09 16:01:15,WL Setpoint (mm),340,2100,0.0,2500.0
2026-07-09 16:01:20,Pond Level (mm),50,2071,0,2500
2026-07-09 16:01:20,Current Output (kW),33,381,0,1050
2026-07-09 16:01:20,Station Setpoint (kW),60,388,0,1050
2026-07-09 16:01:20,WL Setpoint (mm),340,2100,0.0,2500.0
2026-07-09 16:01:25,Pond Level (mm),50,2071,0,2500
2026-07-09 16:01:25,Current Output (kW),33,381,0,1050
2026-07-09 16:01:25,Station Setpoint (kW),60,388,0,1050
2026-07-09 16:01:25,WL Setpoint (mm),340,2100,0.0,2500.0
2026-07-09 16:01:30,Pond Level (mm),50,2071,0,2500
2026-07-09 16:01:30,Current Output (kW),33,380,0,1050
2026-07-09 16:01:30,Station Setpoint (kW),60,388,0,1050
2026-07-09 16:01:30,WL Setpoint (mm),340,2100,0.0,2500.0
2026-07-09 16:01:35,Pond Level (mm),50,2071,0,2500
2026-07-09 16:01:35,Current Output (kW),33,378,0,1050
2026-07-09 16:01:35,Station Setpoint (kW),60,388,0,1050
2026-07-09 16:01:35,WL Setpoint (mm),340,2100,0.0,2500.0
2026-07-09 16:01:40,Pond Level (mm),50,2071,0,2500
2026-07-09 16:01:40,Current Output (kW),33,376,0,1050
2026-07-09 16:01:40,Station Setpoint (kW),60,388,0,1050
2026-07-09 16:01:40,WL Setpoint (mm),340,2100,0.0,2500.0
2026-07-09 16:01:45,Pond Level (mm),50,2071,0,2500
2026-07-09 16:01:45,Current Output (kW),33,375,0,1050
2026-07-09 16:01:45,Station Setpoint (kW),60,388,0,1050
2026-07-09 16:01:45,WL Setpoint (mm),340,2100,0.0,2500.0
2026-07-09 16:01:50,Pond Level (mm),50,2071,0,2500
2026-07-09 16:01:50,Current Output (kW),33,376,0,1050
2026-07-09 16:01:50,Station Setpoint (kW),60,388,0,1050
2026-07-09 16:01:50,WL Setpoint (mm),340,2100,0.0,2500.0
2026-07-09 16:01:55,Pond Level (mm),50,2071,0,2500
2026-07-09 16:01:55,Current Output (kW),33,375,0,1050
2026-07-09 16:01:55,Station Setpoint (kW),60,388,0,1050
2026-07-09 16:01:55,WL Setpoint (mm),340,2100,0.0,2500.0
2026-07-09 16:02:00,Pond Level (mm),50,2071,0,2500
2026-07-09 16:02:00,Current Output (kW),33,373,0,1050
2026-07-09 16:02:00,Station Setpoint (kW),60,388,0,1050
2026-07-09 16:02:00,WL Setpoint (mm),340,2100,0.0,2500.0
2026-07-09 16:02:05,Pond Level (mm),50,2071,0,2500
2026-07-09 16:02:05,Current Output (kW),33,371,0,1050
2026-07-09 16:02:05,Station Setpoint (kW),60,388,0,1050
2026-07-09 16:02:05,WL Setpoint (mm),340,2100,0.0,2500.0
2026-07-09 16:02:10,Pond Level (mm),50,2071,0,2500
2026-07-09 16:02:10,Current Output (kW),33,370,0,1050
2026-07-09 16:02:10,Station Setpoint (kW),60,388,0,1050
2026-07-09 16:02:10,WL Setpoint (mm),340,2100,0.0,2500.0
2026-07-09 16:02:16,Pond Level (mm),50,2071,0,2500
2026-07-09 16:02:16,Current Output (kW),33,370,0,1050
2026-07-09 16:02:16,Station Setpoint (kW),60,388,0,1050
2026-07-09 16:02:16,WL Setpoint (mm),340,2100,0.0,2500.0
2026-07-09 16:02:21,Pond Level (mm),50,2071,0,2500
2026-07-09 16:02:21,Current Output (kW),33,369,0,1050
2026-07-09 16:02:21,Station Setpoint (kW),60,388,0,1050
2026-07-09 16:02:21,WL Setpoint (mm),340,2100,0.0,2500.0
2026-07-09 16:02:26,Pond Level (mm),50,2071,0,2500
2026-07-09 16:02:26,Current Output (kW),33,369,0,1050
2026-07-09 16:02:26,Station Setpoint (kW),60,388,0,1050
2026-07-09 16:02:26,WL Setpoint (mm),340,2100,0.0,2500.0
2026-07-09 16:02:31,Pond Level (mm),50,2071,0,2500
2026-07-09 16:02:31,Current Output (kW),33,368,0,1050
2026-07-09 16:02:31,Station Setpoint (kW),60,388,0,1050
2026-07-09 16:02:31,WL Setpoint (mm),340,2100,0.0,2500.0
2026-07-09 16:02:36,Pond Level (mm),50,2071,0,2500
2026-07-09 16:02:36,Current Output (kW),33,373,0,1050
2026-07-09 16:02:36,Station Setpoint (kW),60,388,0,1050
2026-07-09 16:02:36,WL Setpoint (mm),340,2100,0.0,2500.0
2026-07-09 16:02:41,Pond Level (mm),50,2071,0,2500
2026-07-09 16:02:41,Current Output (kW),33,378,0,1050
2026-07-09 16:02:41,Station Setpoint (kW),60,388,0,1050
2026-07-09 16:02:41,WL Setpoint (mm),340,2100,0.0,2500.0
2026-07-09 16:02:46,Pond Level (mm),50,2072,0,2500
2026-07-09 16:02:46,Current Output (kW),33,381,0,1050
2026-07-09 16:02:46,Station Setpoint (kW),60,382,0,1050
2026-07-09 16:02:46,WL Setpoint (mm),340,2100,0.0,2500.0
2026-07-09 16:02:51,Pond Level (mm),50,2072,0,2500
2026-07-09 16:02:51,Current Output (kW),33,382,0,1050
2026-07-09 16:02:51,Station Setpoint (kW),60,382,0,1050
2026-07-09 16:02:51,WL Setpoint (mm),340,2100,0.0,2500.0
2026-07-09 16:02:56,Pond Level (mm),50,2072,0,2500
2026-07-09 16:02:56,Current Output (kW),33,383,0,1050
2026-07-09 16:02:56,Station Setpoint (kW),60,382,0,1050
2026-07-09 16:02:56,WL Setpoint (mm),340,2100,0.0,2500.0
2026-07-09 16:03:01,Pond Level (mm),50,2072,0,2500
2026-07-09 16:03:01,Current Output (kW),33,382,0,1050
2026-07-09 16:03:01,Station Setpoint (kW),60,382,0,1050
2026-07-09 16:03:01,WL Setpoint (mm),340,2100,0.0,2500.0
2026-07-09 16:03:06,Pond Level (mm),50,2072,0,2500
2026-07-09 16:03:06,Current Output (kW),33,380,0,1050
2026-07-09 16:03:06,Station Setpoint (kW),60,382,0,1050
2026-07-09 16:03:06,WL Setpoint (mm),340,2100,0.0,2500.0
2026-07-09 16:03:11,Pond Level (mm),50,2072,0,2500
2026-07-09 16:03:11,Current Output (kW),33,380,0,1050
2026-07-09 16:03:11,Station Setpoint (kW),60,382,0,1050
2026-07-09 16:03:11,WL Setpoint (mm),340,2100,0.0,2500.0
2026-07-09 16:03:16,Pond Level (mm),50,2072,0,2500
2026-07-09 16:03:16,Current Output (kW),33,379,0,1050
2026-07-09 16:03:16,Station Setpoint (kW),60,382,0,1050
2026-07-09 16:03:16,WL Setpoint (mm),340,2100,0.0,2500.0
2026-07-09 16:03:21,Pond Level (mm),50,2072,0,2500
2026-07-09 16:03:21,Current Output (kW),33,379,0,1050
2026-07-09 16:03:21,Station Setpoint (kW),60,382,0,1050
2026-07-09 16:03:21,WL Setpoint (mm),340,2100,0.0,2500.0
2026-07-09 16:03:26,Pond Level (mm),50,2072,0,2500
2026-07-09 16:03:26,Current Output (kW),33,378,0,1050
2026-07-09 16:03:26,Station Setpoint (kW),60,382,0,1050
2026-07-09 16:03:26,WL Setpoint (mm),340,2100,0.0,2500.0
2026-07-09 16:03:31,Pond Level (mm),50,2072,0,2500
2026-07-09 16:03:31,Current Output (kW),33,377,0,1050
2026-07-09 16:03:31,Station Setpoint (kW),60,382,0,1050
2026-07-09 16:03:31,WL Setpoint (mm),340,2100,0.0,2500.0
2026-07-09 16:03:36,Pond Level (mm),50,2072,0,2500
2026-07-09 16:03:36,Current Output (kW),33,376,0,1050
2026-07-09 16:03:36,Station Setpoint (kW),60,382,0,1050
2026-07-09 16:03:36,WL Setpoint (mm),340,2100,0.0,2500.0
2026-07-09 16:03:41,Pond Level (mm),50,2072,0,2500
2026-07-09 16:03:41,Current Output (kW),33,374,0,1050
2026-07-09 16:03:41,Station Setpoint (kW),60,382,0,1050
2026-07-09 16:03:41,WL Setpoint (mm),340,2100,0.0,2500.0
2026-07-09 16:03:46,Pond Level (mm),50,2072,0,2500
2026-07-09 16:03:46,Current Output (kW),33,374,0,1050
2026-07-09 16:03:46,Station Setpoint (kW),60,382,0,1050
2026-07-09 16:03:46,WL Setpoint (mm),340,2100,0.0,2500.0
2026-07-09 16:03:51,Pond Level (mm),50,2072,0,2500
2026-07-09 16:03:51,Current Output (kW),33,373,0,1050
2026-07-09 16:03:51,Station Setpoint (kW),60,382,0,1050
2026-07-09 16:03:51,WL Setpoint (mm),340,2100,0.0,2500.0
2026-07-09 16:03:56,Pond Level (mm),50,2072,0,2500
2026-07-09 16:03:56,Current Output (kW),33,372,0,1050
2026-07-09 16:03:56,Station Setpoint (kW),60,382,0,1050
2026-07-09 16:03:56,WL Setpoint (mm),340,2100,0.0,2500.0
2026-07-09 16:04:01,Pond Level (mm),50,2072,0,2500
2026-07-09 16:04:01,Current Output (kW),33,371,0,1050
2026-07-09 16:04:01,Station Setpoint (kW),60,382,0,1050
2026-07-09 16:04:01,WL Setpoint (mm),340,2100,0.0,2500.0
2026-07-09 16:04:06,Pond Level (mm),50,2072,0,2500
2026-07-09 16:04:06,Current Output (kW),33,369,0,1050
2026-07-09 16:04:06,Station Setpoint (kW),60,382,0,1050
2026-07-09 16:04:06,WL Setpoint (mm),340,2100,0.0,2500.0
2026-07-09 16:04:11,Pond Level (mm),50,2072,0,2500
2026-07-09 16:04:11,Current Output (kW),33,368,0,1050
2026-07-09 16:04:11,Station Setpoint (kW),60,382,0,1050
2026-07-09 16:04:11,WL Setpoint (mm),340,2100,0.0,2500.0
2026-07-09 16:04:16,Pond Level (mm),50,2073,0,2500
2026-07-09 16:04:16,Current Output (kW),33,368,0,1050
2026-07-09 16:04:16,Station Setpoint (kW),60,387,0,1050
2026-07-09 16:04:16,WL Setpoint (mm),340,2100,0.0,2500.0
2026-07-09 16:04:21,Pond Level (mm),50,2073,0,2500
2026-07-09 16:04:21,Current Output (kW),33,367,0,1050
2026-07-09 16:04:21,Station Setpoint (kW),60,387,0,1050
2026-07-09 16:04:21,WL Setpoint (mm),340,2100,0.0,2500.0
2026-07-09 16:04:26,Pond Level (mm),50,2073,0,2500
2026-07-09 16:04:26,Current Output (kW),33,377,0,1050
2026-07-09 16:04:26,Station Setpoint (kW),60,387,0,1050
2026-07-09 16:04:26,WL Setpoint (mm),340,2100,0.0,2500.0
2026-07-09 16:04:31,Pond Level (mm),50,2073,0,2500
2026-07-09 16:04:31,Current Output (kW),33,381,0,1050
2026-07-09 16:04:31,Station Setpoint (kW),60,387,0,1050
2026-07-09 16:04:31,WL Setpoint (mm),340,2100,0.0,2500.0
2026-07-09 16:04:36,Pond Level (mm),50,2073,0,2500
2026-07-09 16:04:36,Current Output (kW),33,382,0,1050
2026-07-09 16:04:36,Station Setpoint (kW),60,387,0,1050
2026-07-09 16:04:36,WL Setpoint (mm),340,2100,0.0,2500.0
2026-07-09 16:04:42,Pond Level (mm),50,2073,0,2500
2026-07-09 16:04:42,Current Output (kW),33,384,0,1050
2026-07-09 16:04:42,Station Setpoint (kW),60,387,0,1050
2026-07-09 16:04:42,WL Setpoint (mm),340,2100,0.0,2500.0
2026-07-09 16:04:47,Pond Level (mm),50,2074,0,2500
2026-07-09 16:04:47,Current Output (kW),33,385,0,1050
2026-07-09 16:04:47,Station Setpoint (kW),60,382,0,1050
2026-07-09 16:04:47,WL Setpoint (mm),340,2100,0.0,2500.0
2026-07-09 16:04:52,Pond Level (mm),50,2074,0,2500
2026-07-09 16:04:52,Current Output (kW),33,382,0,1050
2026-07-09 16:04:52,Station Setpoint (kW),60,382,0,1050
2026-07-09 16:04:52,WL Setpoint (mm),340,2100,0.0,2500.0
2026-07-09 16:04:57,Pond Level (mm),50,2074,0,2500
2026-07-09 16:04:57,Current Output (kW),33,381,0,1050
2026-07-09 16:04:57,Station Setpoint (kW),60,382,0,1050
2026-07-09 16:04:57,WL Setpoint (mm),340,2100,0.0,2500.0
2026-07-09 16:05:02,Pond Level (mm),50,2074,0,2500
2026-07-09 16:05:02,Current Output (kW),33,381,0,1050
2026-07-09 16:05:02,Station Setpoint (kW),60,382,0,1050
2026-07-09 16:05:02,WL Setpoint (mm),340,2100,0.0,2500.0
2026-07-09 16:05:07,Pond Level (mm),50,2074,0,2500
2026-07-09 16:05:07,Current Output (kW),33,380,0,1050
2026-07-09 16:05:07,Station Setpoint (kW),60,382,0,1050
2026-07-09 16:05:07,WL Setpoint (mm),340,2100,0.0,2500.0
2026-07-09 16:05:12,Pond Level (mm),50,2074,0,2500
2026-07-09 16:05:12,Current Output (kW),33,379,0,1050
2026-07-09 16:05:12,Station Setpoint (kW),60,382,0,1050
2026-07-09 16:05:12,WL Setpoint (mm),340,2100,0.0,2500.0
2026-07-09 16:05:17,Pond Level (mm),50,2075,0,2500
2026-07-09 16:05:17,Current Output (kW),33,379,0,1050
2026-07-09 16:05:17,Station Setpoint (kW),60,387,0,1050
2026-07-09 16:05:17,WL Setpoint (mm),340,2100,0.0,2500.0
2026-07-09 16:05:22,Pond Level (mm),50,2075,0,2500
2026-07-09 16:05:22,Current Output (kW),33,378,0,1050
2026-07-09 16:05:22,Station Setpoint (kW),60,387,0,1050
2026-07-09 16:05:22,WL Setpoint (mm),340,2100,0.0,2500.0
2026-07-09 16:05:27,Pond Level (mm),50,2075,0,2500
2026-07-09 16:05:27,Current Output (kW),33,376,0,1050
2026-07-09 16:05:27,Station Setpoint (kW),60,387,0,1050
2026-07-09 16:05:27,WL Setpoint (mm),340,2100,0.0,2500.0
2026-07-09 16:05:32,Pond Level (mm),50,2075,0,2500
2026-07-09 16:05:32,Current Output (kW),33,375,0,1050
2026-07-09 16:05:32,Station Setpoint (kW),60,387,0,1050
2026-07-09 16:05:32,WL Setpoint (mm),340,2100,0.0,2500.0
2026-07-09 16:05:37,Pond Level (mm),50,2075,0,2500
2026-07-09 16:05:37,Current Output (kW),33,375,0,1050
2026-07-09 16:05:37,Station Setpoint (kW),60,387,0,1050
2026-07-09 16:05:37,WL Setpoint (mm),340,2100,0.0,2500.0
2026-07-09 16:05:42,Pond Level (mm),50,2075,0,2500
2026-07-09 16:05:42,Current Output (kW),33,374,0,1050
2026-07-09 16:05:42,Station Setpoint (kW),60,387,0,1050
2026-07-09 16:05:42,WL Setpoint (mm),340,2100,0.0,2500.0
2026-07-09 16:05:49,Pond Level (mm),50,2076,0,2500
2026-07-09 16:05:49,Current Output (kW),33,372,0,1050
2026-07-09 16:05:49,Station Setpoint (kW),60,392,0,1050
2026-07-09 16:05:49,WL Setpoint (mm),340,2100,0,2500
2026-07-09 16:05:54,Pond Level (mm),50,2076,0,2500
2026-07-09 16:05:54,Current Output (kW),33,370,0,1050
2026-07-09 16:05:54,Station Setpoint (kW),60,392,0,1050
2026-07-09 16:05:54,WL Setpoint (mm),340,2100,0,2500
2026-07-09 16:05:59,Pond Level (mm),50,2076,0,2500
2026-07-09 16:05:59,Current Output (kW),33,382,0,1050
2026-07-09 16:05:59,Station Setpoint (kW),60,392,0,1050
2026-07-09 16:05:59,WL Setpoint (mm),340,2100,0,2500
2026-07-09 16:06:04,Pond Level (mm),50,2076,0,2500
2026-07-09 16:06:04,Current Output (kW),33,385,0,1050
2026-07-09 16:06:04,Station Setpoint (kW),60,392,0,1050
2026-07-09 16:06:04,WL Setpoint (mm),340,2100,0,2500
2026-07-09 16:06:09,Pond Level (mm),50,2076,0,2500
2026-07-09 16:06:09,Current Output (kW),33,386,0,1050
2026-07-09 16:06:09,Station Setpoint (kW),60,392,0,1050
2026-07-09 16:06:09,WL Setpoint (mm),340,2100,0,2500
2026-07-09 16:06:14,Pond Level (mm),50,2077,0,2500
2026-07-09 16:06:14,Current Output (kW),33,386,0,1050
2026-07-09 16:06:14,Station Setpoint (kW),60,397,0,1050
2026-07-09 16:06:14,WL Setpoint (mm),340,2100,0,2500
2026-07-09 16:07:18,Pond Level (mm),50,2079,0,2500
2026-07-09 16:07:18,Current Output (kW),33,376,0,1050
2026-07-09 16:07:18,Station Setpoint (kW),60,399,0,1050
2026-07-09 16:07:18,WL Setpoint (mm),340,2100,0,2500
2026-07-09 16:07:23,Pond Level (mm),50,2079,0,2500
2026-07-09 16:07:23,Current Output (kW),33,388,0,1050
2026-07-09 16:07:23,Station Setpoint (kW),60,399,0,1050
2026-07-09 16:07:23,WL Setpoint (mm),340,2100,0,2500
2026-07-09 16:07:28,Pond Level (mm),50,2079,0,2500
2026-07-09 16:07:28,Current Output (kW),33,392,0,1050
2026-07-09 16:07:28,Station Setpoint (kW),60,399,0,1050
2026-07-09 16:07:28,WL Setpoint (mm),340,2100,0,2500
2026-07-09 16:07:33,Pond Level (mm),50,2079,0,2500
2026-07-09 16:07:33,Current Output (kW),33,391,0,1050
2026-07-09 16:07:33,Station Setpoint (kW),60,399,0,1050
2026-07-09 16:07:33,WL Setpoint (mm),340,2100,0,2500
2026-07-09 16:07:38,Pond Level (mm),50,2079,0,2500
2026-07-09 16:07:38,Current Output (kW),33,393,0,1050
2026-07-09 16:07:38,Station Setpoint (kW),60,399,0,1050
2026-07-09 16:07:38,WL Setpoint (mm),340,2100,0,2500
2026-07-09 16:08:02,Pond Level (mm),50,2080,0,2500
2026-07-09 16:08:02,Current Output (kW),33,389,0,1050
2026-07-09 16:08:02,Station Setpoint (kW),60,404,0,1050
2026-07-09 16:08:02,WL Setpoint (mm),340,2100,0,2500
2026-07-09 16:08:08,Pond Level (mm),50,2080,0,2500
2026-07-09 16:08:08,Current Output (kW),33,388,0,1050
2026-07-09 16:08:08,Station Setpoint (kW),60,404,0,1050
2026-07-09 16:08:08,WL Setpoint (mm),340,2100,0,2500
2026-07-09 16:08:30,Pond Level (mm),50,2081,0,2500
2026-07-09 16:08:30,Current Output (kW),33,401,0,1050
2026-07-09 16:08:30,Station Setpoint (kW),60,409,0,1050
2026-07-09 16:08:30,WL Setpoint (mm),340,2100,0,2500
2026-07-09 16:08:36,Pond Level (mm),50,2081,0,2500
2026-07-09 16:08:36,Current Output (kW),33,401,0,1050
2026-07-09 16:08:36,Station Setpoint (kW),60,409,0,1050
2026-07-09 16:08:36,WL Setpoint (mm),340,2100,0,2500
2026-07-09 16:08:41,Pond Level (mm),50,2081,0,2500
2026-07-09 16:08:41,Current Output (kW),33,401,0,1050
2026-07-09 16:08:41,Station Setpoint (kW),60,409,0,1050
2026-07-09 16:08:41,WL Setpoint (mm),340,2100,0,2500
2026-07-09 16:08:46,Pond Level (mm),50,2081,0,2500
2026-07-09 16:08:46,Current Output (kW),33,402,0,1050
2026-07-09 16:08:46,Station Setpoint (kW),60,402,0,1050
2026-07-09 16:08:46,WL Setpoint (mm),340,2100,0,2500
2026-07-09 16:09:00,Pond Level (mm),50,2081,0,2500
2026-07-09 16:09:00,Current Output (kW),33,400,0,1050
2026-07-09 16:09:00,Station Setpoint (kW),60,402,0,1050
2026-07-09 16:09:00,WL Setpoint (mm),340,2100,0,2500
2026-07-09 16:09:05,Pond Level (mm),50,2081,0,2500
2026-07-09 16:09:05,Current Output (kW),33,399,0,1050
2026-07-09 16:09:05,Station Setpoint (kW),60,402,0,1050
2026-07-09 16:09:05,WL Setpoint (mm),340,2100,0,2500
2026-07-09 16:09:10,Pond Level (mm),50,2081,0,2500
2026-07-09 16:09:10,Current Output (kW),33,398,0,1050
2026-07-09 16:09:10,Station Setpoint (kW),60,402,0,1050
2026-07-09 16:09:10,WL Setpoint (mm),340,2100,0,2500
2026-07-09 16:09:15,Pond Level (mm),50,2082,0,2500
2026-07-09 16:09:15,Current Output (kW),33,398,0,1050
2026-07-09 16:09:15,Station Setpoint (kW),60,407,0,1050
2026-07-09 16:09:15,WL Setpoint (mm),340,2100,0,2500
2026-07-09 16:09:20,Pond Level (mm),50,2082,0,2500
2026-07-09 16:09:20,Current Output (kW),33,397,0,1050
2026-07-09 16:09:20,Station Setpoint (kW),60,407,0,1050
2026-07-09 16:09:20,WL Setpoint (mm),340,2100,0,2500
2026-07-09 16:09:25,Pond Level (mm),50,2082,0,2500
2026-07-09 16:09:25,Current Output (kW),33,396,0,1050
2026-07-09 16:09:25,Station Setpoint (kW),60,407,0,1050
2026-07-09 16:09:25,WL Setpoint (mm),340,2100,0,2500
2026-07-09 16:09:30,Pond Level (mm),50,2082,0,2500
2026-07-09 16:09:30,Current Output (kW),33,396,0,1050
2026-07-09 16:09:30,Station Setpoint (kW),60,407,0,1050
2026-07-09 16:09:30,WL Setpoint (mm),340,2100,0,2500
2026-07-09 16:09:36,Pond Level (mm),50,2082,0,2500
2026-07-09 16:09:36,Current Output (kW),33,395,0,1050
2026-07-09 16:09:36,Station Setpoint (kW),60,407,0,1050
2026-07-09 16:09:36,WL Setpoint (mm),340,2100,0,2500
2026-07-09 16:09:41,Pond Level (mm),50,2082,0,2500
2026-07-09 16:09:41,Current Output (kW),33,393,0,1050
2026-07-09 16:09:41,Station Setpoint (kW),60,407,0,1050
2026-07-09 16:09:41,WL Setpoint (mm),340,2100,0,2500
2026-07-09 16:09:46,Pond Level (mm),50,2083,0,2500
2026-07-09 16:09:46,Current Output (kW),33,392,0,1050
2026-07-09 16:09:46,Station Setpoint (kW),60,412,0,1050
2026-07-09 16:09:46,WL Setpoint (mm),340,2100,0,2500
2026-07-09 16:09:51,Pond Level (mm),50,2083,0,2500
2026-07-09 16:09:51,Current Output (kW),33,392,0,1050
2026-07-09 16:09:51,Station Setpoint (kW),60,412,0,1050
2026-07-09 16:09:51,WL Setpoint (mm),340,2100,0,2500
2026-07-09 16:09:56,Pond Level (mm),50,2083,0,2500
2026-07-09 16:09:56,Current Output (kW),33,403,0,1050
2026-07-09 16:09:56,Station Setpoint (kW),60,412,0,1050
2026-07-09 16:09:56,WL Setpoint (mm),340,2100,0,2500
2026-07-09 16:10:01,Pond Level (mm),50,2083,0,2500
2026-07-09 16:10:01,Current Output (kW),33,407,0,1050
2026-07-09 16:10:01,Station Setpoint (kW),60,412,0,1050
2026-07-09 16:10:01,WL Setpoint (mm),340,2100,0,2500
2026-07-09 16:10:06,Pond Level (mm),50,2083,0,2500
2026-07-09 16:10:06,Current Output (kW),33,408,0,1050
2026-07-09 16:10:06,Station Setpoint (kW),60,412,0,1050
2026-07-09 16:10:06,WL Setpoint (mm),340,2100,0,2500
2026-07-09 16:10:11,Pond Level (mm),50,2083,0,2500
2026-07-09 16:10:11,Current Output (kW),33,408,0,1050
2026-07-09 16:10:11,Station Setpoint (kW),60,412,0,1050
2026-07-09 16:10:11,WL Setpoint (mm),340,2100,0,2500
2026-07-09 16:10:16,Pond Level (mm),50,2084,0,2500
2026-07-09 16:10:16,Current Output (kW),33,408,0,1050
2026-07-09 16:10:16,Station Setpoint (kW),60,417,0,1050
2026-07-09 16:10:16,WL Setpoint (mm),340,2100,0,2500
2026-07-09 16:10:21,Pond Level (mm),50,2084,0,2500
2026-07-09 16:10:21,Current Output (kW),33,407,0,1050
2026-07-09 16:10:21,Station Setpoint (kW),60,417,0,1050
2026-07-09 16:10:21,WL Setpoint (mm),340,2100,0,2500
2026-07-09 16:10:26,Pond Level (mm),50,2084,0,2500
2026-07-09 16:10:26,Current Output (kW),33,405,0,1050
2026-07-09 16:10:26,Station Setpoint (kW),60,417,0,1050
2026-07-09 16:10:26,WL Setpoint (mm),340,2100,0,2500
2026-07-09 16:10:31,Pond Level (mm),50,2084,0,2500
2026-07-09 16:10:31,Current Output (kW),33,405,0,1050
2026-07-09 16:10:31,Station Setpoint (kW),60,417,0,1050
2026-07-09 16:10:31,WL Setpoint (mm),340,2100,0,2500
2026-07-09 16:13:19,Pond Level (mm),50,2087,0,2500
2026-07-09 16:13:19,Current Output (kW),33,419,0,1050
2026-07-09 16:13:19,Station Setpoint (kW),60,421,0,1050
2026-07-09 16:13:19,WL Setpoint (mm),340,2100,0,2500
2026-07-09 16:13:24,Pond Level (mm),50,2087,0,2500
2026-07-09 16:13:24,Current Output (kW),33,419,0,1050
2026-07-09 16:13:24,Station Setpoint (kW),60,421,0,1050
2026-07-09 16:13:24,WL Setpoint (mm),340,2100,0,2500
2026-07-09 16:13:29,Pond Level (mm),50,2087,0,2500
2026-07-09 16:13:29,Current Output (kW),33,418,0,1050
2026-07-09 16:13:29,Station Setpoint (kW),60,421,0,1050
2026-07-09 16:13:29,WL Setpoint (mm),340,2100,0,2500
2026-07-09 16:13:34,Pond Level (mm),50,2087,0,2500
2026-07-09 16:13:34,Current Output (kW),33,417,0,1050
2026-07-09 16:13:34,Station Setpoint (kW),60,421,0,1050
2026-07-09 16:13:34,WL Setpoint (mm),340,2100,0,2500
2026-07-09 16:13:39,Pond Level (mm),50,2087,0,2500
2026-07-09 16:13:39,Current Output (kW),33,416,0,1050
2026-07-09 16:13:39,Station Setpoint (kW),60,421,0,1050
2026-07-09 16:13:39,WL Setpoint (mm),340,2100,0,2500
2026-07-09 16:15:09,Pond Level (mm),50,2090,0,2500
2026-07-09 16:15:09,Current Output (kW),33,422,0,1050
2026-07-09 16:15:09,Station Setpoint (kW),60,432,0,1050
2026-07-09 16:15:09,WL Setpoint (mm),340,2100,0,2500
2026-07-09 16:15:14,Pond Level (mm),50,2090,0,2500
2026-07-09 16:15:14,Current Output (kW),33,422,0,1050
2026-07-09 16:15:14,Station Setpoint (kW),60,432,0,1050
2026-07-09 16:15:14,WL Setpoint (mm),340,2100,0,2500
2026-07-09 16:15:19,Pond Level (mm),50,2090,0,2500
2026-07-09 16:15:19,Current Output (kW),33,422,0,1050
2026-07-09 16:15:19,Station Setpoint (kW),60,432,0,1050
2026-07-09 16:15:19,WL Setpoint (mm),340,2100,0,2500
2026-07-09 16:15:24,Pond Level (mm),50,2090,0,2500
2026-07-09 16:15:24,Current Output (kW),33,420,0,1050
2026-07-09 16:15:24,Station Setpoint (kW),60,432,0,1050
2026-07-09 16:15:24,WL Setpoint (mm),340,2100,0,2500
2026-07-09 16:15:29,Pond Level (mm),50,2090,0,2500
2026-07-09 16:15:29,Current Output (kW),33,420,0,1050
2026-07-09 16:15:29,Station Setpoint (kW),60,432,0,1050
2026-07-09 16:15:29,WL Setpoint (mm),340,2100,0,2500
2026-07-09 16:15:34,Pond Level (mm),50,2090,0,2500
2026-07-09 16:15:34,Current Output (kW),33,419,0,1050
2026-07-09 16:15:34,Station Setpoint (kW),60,432,0,1050
2026-07-09 16:15:34,WL Setpoint (mm),340,2100,0,2500
2026-07-09 16:15:39,Pond Level (mm),50,2090,0,2500
2026-07-09 16:15:39,Current Output (kW),33,419,0,1050
2026-07-09 16:15:39,Station Setpoint (kW),60,432,0,1050
2026-07-09 16:15:39,WL Setpoint (mm),340,2100,0,2500
2026-07-09 16:15:44,Pond Level (mm),50,2090,0,2500
2026-07-09 16:15:44,Current Output (kW),33,418,0,1050
2026-07-09 16:15:44,Station Setpoint (kW),60,432,0,1050
2026-07-09 16:15:44,WL Setpoint (mm),340,2100,0,2500
2026-07-09 16:15:49,Pond Level (mm),50,2090,0,2500
2026-07-09 16:15:49,Current Output (kW),33,417,0,1050
2026-07-09 16:15:49,Station Setpoint (kW),60,432,0,1050
2026-07-09 16:15:49,WL Setpoint (mm),340,2100,0,2500
2026-07-09 16:15:54,Pond Level (mm),50,2090,0,2500
2026-07-09 16:15:54,Current Output (kW),33,417,0,1050
2026-07-09 16:15:54,Station Setpoint (kW),60,432,0,1050
2026-07-09 16:15:54,WL Setpoint (mm),340,2100,0,2500
2026-07-09 16:15:59,Pond Level (mm),50,2090,0,2500
2026-07-09 16:15:59,Current Output (kW),33,415,0,1050
2026-07-09 16:15:59,Station Setpoint (kW),60,432,0,1050
2026-07-09 16:15:59,WL Setpoint (mm),340,2100,0,2500
2026-07-09 16:16:04,Pond Level (mm),50,2090,0,2500
2026-07-09 16:16:04,Current Output (kW),33,415,0,1050
2026-07-09 16:16:04,Station Setpoint (kW),60,432,0,1050
2026-07-09 16:16:04,WL Setpoint (mm),340,2100,0,2500
2026-07-09 16:17:01,Pond Level (mm),50,2091,0,2500
2026-07-09 16:17:01,Current Output (kW),33,426,0,1050
2026-07-09 16:17:01,Station Setpoint (kW),60,434,0,1050
2026-07-09 16:17:01,WL Setpoint (mm),340,2100,0,2500
2026-07-09 16:17:06,Pond Level (mm),50,2091,0,2500
2026-07-09 16:17:06,Current Output (kW),33,426,0,1050
2026-07-09 16:17:06,Station Setpoint (kW),60,434,0,1050
2026-07-09 16:17:06,WL Setpoint (mm),340,2100,0,2500
2026-07-09 16:17:11,Pond Level (mm),50,2091,0,2500
2026-07-09 16:17:11,Current Output (kW),33,425,0,1050
2026-07-09 16:17:11,Station Setpoint (kW),60,434,0,1050
2026-07-09 16:17:11,WL Setpoint (mm),340,2100,0,2500
2026-07-09 16:17:16,Pond Level (mm),50,2092,0,2500
2026-07-09 16:17:16,Current Output (kW),33,425,0,1050
2026-07-09 16:17:16,Station Setpoint (kW),60,439,0,1050
2026-07-09 16:17:16,WL Setpoint (mm),340,2100,0,2500
2026-07-09 16:17:21,Pond Level (mm),50,2092,0,2500
2026-07-09 16:17:21,Current Output (kW),33,424,0,1050
2026-07-09 16:17:21,Station Setpoint (kW),60,439,0,1050
2026-07-09 16:17:21,WL Setpoint (mm),340,2100,0,2500
2026-07-09 16:17:26,Pond Level (mm),50,2092,0,2500
2026-07-09 16:17:26,Current Output (kW),33,423,0,1050
2026-07-09 16:17:26,Station Setpoint (kW),60,439,0,1050
2026-07-09 16:17:26,WL Setpoint (mm),340,2100,0,2500
2026-07-09 16:17:31,Pond Level (mm),50,2092,0,2500
2026-07-09 16:17:31,Current Output (kW),33,423,0,1050
2026-07-09 16:17:31,Station Setpoint (kW),60,439,0,1050
2026-07-09 16:17:31,WL Setpoint (mm),340,2100,0,2500
2026-07-09 16:17:36,Pond Level (mm),50,2092,0,2500
2026-07-09 16:17:36,Current Output (kW),33,423,0,1050
2026-07-09 16:17:36,Station Setpoint (kW),60,439,0,1050
2026-07-09 16:17:36,WL Setpoint (mm),340,2100,0,2500
2026-07-09 16:17:41,Pond Level (mm),50,2092,0,2500
2026-07-09 16:17:41,Current Output (kW),33,421,0,1050
2026-07-09 16:17:41,Station Setpoint (kW),60,439,0,1050
2026-07-09 16:17:41,WL Setpoint (mm),340,2100,0,2500
2026-07-09 16:17:46,Pond Level (mm),50,2093,0,2500
2026-07-09 16:17:46,Current Output (kW),33,420,0,1050
2026-07-09 16:17:46,Station Setpoint (kW),60,444,0,1050
2026-07-09 16:17:46,WL Setpoint (mm),340,2100,0,2500
2026-07-09 16:17:51,Pond Level (mm),50,2093,0,2500
2026-07-09 16:17:51,Current Output (kW),33,432,0,1050
2026-07-09 16:17:51,Station Setpoint (kW),60,444,0,1050
2026-07-09 16:17:51,WL Setpoint (mm),340,2100,0,2500
2026-07-09 16:17:56,Pond Level (mm),50,2093,0,2500
2026-07-09 16:17:56,Current Output (kW),33,434,0,1050
2026-07-09 16:17:56,Station Setpoint (kW),60,444,0,1050
2026-07-09 16:17:56,WL Setpoint (mm),340,2100,0,2500
2026-07-09 16:18:01,Pond Level (mm),50,2093,0,2500
2026-07-09 16:18:01,Current Output (kW),33,437,0,1050
2026-07-09 16:18:01,Station Setpoint (kW),60,444,0,1050
2026-07-09 16:18:01,WL Setpoint (mm),340,2100,0,2500
2026-07-09 16:18:06,Pond Level (mm),50,2093,0,2500
2026-07-09 16:18:06,Current Output (kW),33,438,0,1050
2026-07-09 16:18:06,Station Setpoint (kW),60,444,0,1050
2026-07-09 16:18:06,WL Setpoint (mm),340,2100,0,2500
2026-07-09 16:18:11,Pond Level (mm),50,2093,0,2500
2026-07-09 16:18:11,Current Output (kW),33,438,0,1050
2026-07-09 16:18:11,Station Setpoint (kW),60,444,0,1050
2026-07-09 16:18:11,WL Setpoint (mm),340,2100,0,2500
2026-07-09 16:18:16,Pond Level (mm),50,2093,0,2500
2026-07-09 16:18:16,Current Output (kW),33,436,0,1050
2026-07-09 16:18:16,Station Setpoint (kW),60,444,0,1050
2026-07-09 16:18:16,WL Setpoint (mm),340,2100,0,2500
2026-07-09 16:18:26,Pond Level (mm),50,2093,0,2500
2026-07-09 16:18:26,Current Output (kW),33,435,0,1050
2026-07-09 16:18:26,Station Setpoint (kW),60,444,0,1050
2026-07-09 16:18:26,WL Setpoint (mm),340,2100,0,2500
2026-07-09 16:18:31,Pond Level (mm),50,2093,0,2500
2026-07-09 16:18:31,Current Output (kW),33,435,0,1050
2026-07-09 16:18:31,Station Setpoint (kW),60,444,0,1050
2026-07-09 16:18:31,WL Setpoint (mm),340,2100,0,2500
2026-07-09 16:18:36,Pond Level (mm),50,2093,0,2500
2026-07-09 16:18:36,Current Output (kW),33,435,0,1050
2026-07-09 16:18:36,Station Setpoint (kW),60,444,0,1050
2026-07-09 16:18:36,WL Setpoint (mm),340,2100,0,2500
2026-07-09 16:18:41,Pond Level (mm),50,2093,0,2500
2026-07-09 16:18:41,Current Output (kW),33,435,0,1050
2026-07-09 16:18:41,Station Setpoint (kW),60,444,0,1050
2026-07-09 16:18:41,WL Setpoint (mm),340,2100,0,2500
2026-07-09 16:18:46,Pond Level (mm),50,2093,0,2500
2026-07-09 16:18:46,Current Output (kW),33,434,0,1050
2026-07-09 16:18:46,Station Setpoint (kW),60,442,0,1050
2026-07-09 16:18:46,WL Setpoint (mm),340,2100,0,2500
2026-07-09 16:18:51,Pond Level (mm),50,2093,0,2500
2026-07-09 16:18:51,Current Output (kW),33,433,0,1050
2026-07-09 16:18:51,Station Setpoint (kW),60,442,0,1050
2026-07-09 16:18:51,WL Setpoint (mm),340,2100,0,2500
2026-07-09 16:18:56,Pond Level (mm),50,2093,0,2500
2026-07-09 16:18:56,Current Output (kW),33,432,0,1050
2026-07-09 16:18:56,Station Setpoint (kW),60,442,0,1050
2026-07-09 16:18:56,WL Setpoint (mm),340,2100,0,2500
2026-07-09 16:19:01,Pond Level (mm),50,2093,0,2500
2026-07-09 16:19:01,Current Output (kW),33,432,0,1050
2026-07-09 16:19:01,Station Setpoint (kW),60,442,0,1050
2026-07-09 16:19:01,WL Setpoint (mm),340,2100,0,2500
2026-07-09 16:19:06,Pond Level (mm),50,2093,0,2500
2026-07-09 16:19:06,Current Output (kW),33,431,0,1050
2026-07-09 16:19:06,Station Setpoint (kW),60,442,0,1050
2026-07-09 16:19:06,WL Setpoint (mm),340,2100,0,2500
2026-07-09 16:19:13,Pond Level (mm),50,2093,0,2500
2026-07-09 16:19:13,Current Output (kW),33,430,0,1050
2026-07-09 16:19:13,Station Setpoint (kW),60,442,0,1050
2026-07-09 16:19:13,WL Setpoint (mm),340,2100,0,2500
2026-07-09 16:19:19,Pond Level (mm),50,2093,0,2500
2026-07-09 16:19:19,Current Output (kW),33,429,0,1050
2026-07-09 16:19:19,Station Setpoint (kW),60,442,0,1050
2026-07-09 16:19:19,WL Setpoint (mm),340,2100,0,2500
2026-07-09 16:19:24,Pond Level (mm),50,2093,0,2500
2026-07-09 16:19:24,Current Output (kW),33,428,0,1050
2026-07-09 16:19:24,Station Setpoint (kW),60,442,0,1050
2026-07-09 16:19:24,WL Setpoint (mm),340,2100,0,2500
2026-07-09 16:19:29,Pond Level (mm),50,2093,0,2500
2026-07-09 16:19:29,Current Output (kW),33,429,0,1050
2026-07-09 16:19:29,Station Setpoint (kW),60,442,0,1050
2026-07-09 16:19:29,WL Setpoint (mm),340,2100,0,2500
2026-07-09 16:19:34,Pond Level (mm),50,2093,0,2500
2026-07-09 16:19:34,Current Output (kW),33,429,0,1050
2026-07-09 16:19:34,Station Setpoint (kW),60,442,0,1050
2026-07-09 16:19:34,WL Setpoint (mm),340,2100,0,2500
2026-07-09 16:19:39,Pond Level (mm),50,2093,0,2500
2026-07-09 16:19:39,Current Output (kW),33,428,0,1050
2026-07-09 16:19:39,Station Setpoint (kW),60,442,0,1050
2026-07-09 16:19:39,WL Setpoint (mm),340,2100,0,2500
2026-07-09 16:19:44,Pond Level (mm),50,2093,0,2500
2026-07-09 16:19:44,Current Output (kW),33,427,0,1050
2026-07-09 16:19:44,Station Setpoint (kW),60,442,0,1050
2026-07-09 16:19:44,WL Setpoint (mm),340,2100,0,2500
2026-07-09 16:19:49,Pond Level (mm),50,2093,0,2500
2026-07-09 16:19:49,Current Output (kW),33,426,0,1050
2026-07-09 16:19:49,Station Setpoint (kW),60,442,0,1050
2026-07-09 16:19:49,WL Setpoint (mm),340,2100,0,2500
2026-07-09 16:19:54,Pond Level (mm),50,2093,0,2500
2026-07-09 16:19:54,Current Output (kW),33,426,0,1050
2026-07-09 16:19:54,Station Setpoint (kW),60,442,0,1050
2026-07-09 16:19:54,WL Setpoint (mm),340,2100,0,2500
2026-07-09 16:19:59,Pond Level (mm),50,2093,0,2500
2026-07-09 16:19:59,Current Output (kW),33,425,0,1050
2026-07-09 16:19:59,Station Setpoint (kW),60,442,0,1050
2026-07-09 16:19:59,WL Setpoint (mm),340,2100,0,2500
2026-07-09 16:20:04,Pond Level (mm),50,2093,0,2500
2026-07-09 16:20:04,Current Output (kW),33,425,0,1050
2026-07-09 16:20:04,Station Setpoint (kW),60,442,0,1050
2026-07-09 16:20:04,WL Setpoint (mm),340,2100,0,2500
2026-07-09 16:20:09,Pond Level (mm),50,2093,0,2500
2026-07-09 16:20:09,Current Output (kW),33,424,0,1050
2026-07-09 16:20:09,Station Setpoint (kW),60,442,0,1050
2026-07-09 16:20:09,WL Setpoint (mm),340,2100,0,2500
2026-07-09 16:20:14,Pond Level (mm),50,2093,0,2500
2026-07-09 16:20:14,Current Output (kW),33,424,0,1050
2026-07-09 16:20:14,Station Setpoint (kW),60,442,0,1050
2026-07-09 16:20:14,WL Setpoint (mm),340,2100,0,2500
2026-07-09 16:20:19,Pond Level (mm),50,2094,0,2500
2026-07-09 16:20:19,Current Output (kW),33,425,0,1050
2026-07-09 16:20:19,Station Setpoint (kW),60,447,0,1050
2026-07-09 16:20:19,WL Setpoint (mm),340,2100,0,2500
2026-07-09 16:20:24,Pond Level (mm),50,2094,0,2500
2026-07-09 16:20:24,Current Output (kW),33,435,0,1050
2026-07-09 16:20:24,Station Setpoint (kW),60,447,0,1050
2026-07-09 16:20:24,WL Setpoint (mm),340,2100,0,2500
2026-07-09 16:20:29,Pond Level (mm),50,2094,0,2500
2026-07-09 16:20:29,Current Output (kW),33,435,0,1050
2026-07-09 16:20:29,Station Setpoint (kW),60,447,0,1050
2026-07-09 16:20:29,WL Setpoint (mm),340,2100,0,2500
2026-07-09 16:20:34,Pond Level (mm),50,2094,0,2500
2026-07-09 16:20:34,Current Output (kW),33,436,0,1050
2026-07-09 16:20:34,Station Setpoint (kW),60,447,0,1050
2026-07-09 16:20:34,WL Setpoint (mm),340,2100,0,2500
2026-07-09 16:20:39,Pond Level (mm),50,2094,0,2500
2026-07-09 16:20:39,Current Output (kW),33,437,0,1050
2026-07-09 16:20:39,Station Setpoint (kW),60,447,0,1050
2026-07-09 16:20:39,WL Setpoint (mm),340,2100,0,2500
2026-07-09 16:20:50,Pond Level (mm),50,2095,0,2500
2026-07-09 16:20:50,Current Output (kW),33,436,0,1050
2026-07-09 16:20:50,Station Setpoint (kW),60,450,0,1050
2026-07-09 16:20:50,WL Setpoint (mm),340,2100,0,2500
2026-07-09 16:20:55,Pond Level (mm),50,2095,0,2500
2026-07-09 16:20:55,Current Output (kW),33,435,0,1050
2026-07-09 16:20:55,Station Setpoint (kW),60,450,0,1050
2026-07-09 16:20:55,WL Setpoint (mm),340,2100,0,2500
2026-07-09 16:21:00,Pond Level (mm),50,2095,0,2500
2026-07-09 16:21:00,Current Output (kW),33,434,0,1050
2026-07-09 16:21:00,Station Setpoint (kW),60,450,0,1050
2026-07-09 16:21:00,WL Setpoint (mm),340,2100,0,2500
2026-07-09 16:21:05,Pond Level (mm),50,2095,0,2500
2026-07-09 16:21:05,Current Output (kW),33,435,0,1050
2026-07-09 16:21:05,Station Setpoint (kW),60,450,0,1050
2026-07-09 16:21:05,WL Setpoint (mm),340,2100,0,2500
2026-07-09 16:21:10,Pond Level (mm),50,2095,0,2500
2026-07-09 16:21:10,Current Output (kW),33,433,0,1050
2026-07-09 16:21:10,Station Setpoint (kW),60,450,0,1050
2026-07-09 16:21:10,WL Setpoint (mm),340,2100,0,2500
2026-07-09 16:21:15,Pond Level (mm),50,2096,0,2500
2026-07-09 16:21:15,Current Output (kW),33,433,0,1050
2026-07-09 16:21:15,Station Setpoint (kW),60,455,0,1050
2026-07-09 16:21:15,WL Setpoint (mm),340,2100,0,2500
2026-07-09 16:21:20,Pond Level (mm),50,2096,0,2500
2026-07-09 16:21:20,Current Output (kW),33,432,0,1050
2026-07-09 16:21:20,Station Setpoint (kW),60,455,0,1050
2026-07-09 16:21:20,WL Setpoint (mm),340,2100,0,2500
2026-07-09 16:21:25,Pond Level (mm),50,2096,0,2500
2026-07-09 16:21:25,Current Output (kW),33,444,0,1050
2026-07-09 16:21:25,Station Setpoint (kW),60,455,0,1050
2026-07-09 16:21:25,WL Setpoint (mm),340,2100,0,2500
2026-07-09 16:21:30,Pond Level (mm),50,2096,0,2500
2026-07-09 16:21:30,Current Output (kW),33,446,0,1050
2026-07-09 16:21:30,Station Setpoint (kW),60,455,0,1050
2026-07-09 16:21:30,WL Setpoint (mm),340,2100,0,2500
2026-07-09 16:21:35,Pond Level (mm),50,2096,0,2500
2026-07-09 16:21:35,Current Output (kW),33,447,0,1050
2026-07-09 16:21:35,Station Setpoint (kW),60,455,0,1050
2026-07-09 16:21:35,WL Setpoint (mm),340,2100,0,2500
2026-07-09 16:21:40,Pond Level (mm),50,2096,0,2500
2026-07-09 16:21:40,Current Output (kW),33,448,0,1050
2026-07-09 16:21:40,Station Setpoint (kW),60,455,0,1050
2026-07-09 16:21:40,WL Setpoint (mm),340,2100,0,2500
2026-07-09 16:21:45,Pond Level (mm),50,2096,0,2500
2026-07-09 16:21:45,Current Output (kW),33,448,0,1050
2026-07-09 16:21:45,Station Setpoint (kW),60,455,0,1050
2026-07-09 16:21:45,WL Setpoint (mm),340,2100,0,2500
2026-07-09 16:21:50,Pond Level (mm),50,2096,0,2500
2026-07-09 16:21:50,Current Output (kW),33,447,0,1050
2026-07-09 16:21:50,Station Setpoint (kW),60,455,0,1050
2026-07-09 16:21:50,WL Setpoint (mm),340,2100,0,2500
2026-07-09 16:21:55,Pond Level (mm),50,2096,0,2500
2026-07-09 16:21:55,Current Output (kW),33,446,0,1050
2026-07-09 16:21:55,Station Setpoint (kW),60,455,0,1050
2026-07-09 16:21:55,WL Setpoint (mm),340,2100,0,2500
2026-07-09 16:22:00,Pond Level (mm),50,2096,0,2500
2026-07-09 16:22:00,Current Output (kW),33,446,0,1050
2026-07-09 16:22:00,Station Setpoint (kW),60,455,0,1050
2026-07-09 16:22:00,WL Setpoint (mm),340,2100,0,2500
2026-07-09 16:22:05,Pond Level (mm),50,2096,0,2500
2026-07-09 16:22:05,Current Output (kW),33,446,0,1050
2026-07-09 16:22:05,Station Setpoint (kW),60,455,0,1050
2026-07-09 16:22:05,WL Setpoint (mm),340,2100,0,2500
2026-07-09 16:22:10,Pond Level (mm),50,2096,0,2500
2026-07-09 16:22:10,Current Output (kW),33,444,0,1050
2026-07-09 16:22:10,Station Setpoint (kW),60,455,0,1050
2026-07-09 16:22:10,WL Setpoint (mm),340,2100,0,2500
2026-07-09 16:22:15,Pond Level (mm),50,2096,0,2500
2026-07-09 16:22:15,Current Output (kW),33,445,0,1050
2026-07-09 16:22:15,Station Setpoint (kW),60,455,0,1050
2026-07-09 16:22:15,WL Setpoint (mm),340,2100,0,2500
2026-07-09 16:22:21,Pond Level (mm),50,2096,0,2500
2026-07-09 16:22:21,Current Output (kW),33,444,0,1050
2026-07-09 16:22:21,Station Setpoint (kW),60,455,0,1050
2026-07-09 16:22:21,WL Setpoint (mm),340,2100,0,2500
2026-07-09 16:22:26,Pond Level (mm),50,2096,0,2500
2026-07-09 16:22:26,Current Output (kW),33,444,0,1050
2026-07-09 16:22:26,Station Setpoint (kW),60,455,0,1050
2026-07-09 16:22:26,WL Setpoint (mm),340,2100,0,2500
2026-07-09 16:22:31,Pond Level (mm),50,2096,0,2500
2026-07-09 16:22:31,Current Output (kW),33,443,0,1050
2026-07-09 16:22:31,Station Setpoint (kW),60,455,0,1050
2026-07-09 16:22:31,WL Setpoint (mm),340,2100,0,2500
2026-07-09 16:22:36,Pond Level (mm),50,2096,0,2500
2026-07-09 16:22:36,Current Output (kW),33,443,0,1050
2026-07-09 16:22:36,Station Setpoint (kW),60,455,0,1050
2026-07-09 16:22:36,WL Setpoint (mm),340,2100,0,2500
2026-07-09 16:22:41,Pond Level (mm),50,2096,0,2500
2026-07-09 16:22:41,Current Output (kW),33,442,0,1050
2026-07-09 16:22:41,Station Setpoint (kW),60,455,0,1050
2026-07-09 16:22:41,WL Setpoint (mm),340,2100,0,2500
2026-07-09 16:22:46,Pond Level (mm),50,2096,0,2500
2026-07-09 16:22:46,Current Output (kW),33,441,0,1050
2026-07-09 16:22:46,Station Setpoint (kW),60,454,0,1050
2026-07-09 16:22:46,WL Setpoint (mm),340,2100,0,2500
2026-07-09 16:22:51,Pond Level (mm),50,2096,0,2500
2026-07-09 16:22:51,Current Output (kW),33,440,0,1050
2026-07-09 16:22:51,Station Setpoint (kW),60,454,0,1050
2026-07-09 16:22:51,WL Setpoint (mm),340,2100,0,2500
2026-07-09 16:22:56,Pond Level (mm),50,2096,0,2500
2026-07-09 16:22:56,Current Output (kW),33,440,0,1050
2026-07-09 16:22:56,Station Setpoint (kW),60,454,0,1050
2026-07-09 16:22:56,WL Setpoint (mm),340,2100,0,2500
2026-07-09 16:23:01,Pond Level (mm),50,2096,0,2500
2026-07-09 16:23:01,Current Output (kW),33,440,0,1050
2026-07-09 16:23:01,Station Setpoint (kW),60,454,0,1050
2026-07-09 16:23:01,WL Setpoint (mm),340,2100,0,2500
2026-07-09 16:23:37,Pond Level (mm),50,2096,0,2500
2026-07-09 16:23:37,Current Output (kW),33,436,0,1050
2026-07-09 16:23:37,Station Setpoint (kW),60,454,0,1050
2026-07-09 16:23:37,WL Setpoint (mm),340,2100,0,2500
2026-07-09 16:23:42,Pond Level (mm),50,2096,0,2500
2026-07-09 16:23:42,Current Output (kW),33,436,0,1050
2026-07-09 16:23:42,Station Setpoint (kW),60,454,0,1050
2026-07-09 16:23:42,WL Setpoint (mm),340,2100,0,2500
2026-07-09 16:23:48,Pond Level (mm),50,2096,0,2500
2026-07-09 16:23:48,Current Output (kW),33,436,0,1050
2026-07-09 16:23:48,Station Setpoint (kW),60,454,0,1050
2026-07-09 16:23:48,WL Setpoint (mm),340,2100,0,2500
2026-07-09 16:23:53,Pond Level (mm),50,2096,0,2500
2026-07-09 16:23:53,Current Output (kW),33,434,0,1050
2026-07-09 16:23:53,Station Setpoint (kW),60,454,0,1050
2026-07-09 16:23:53,WL Setpoint (mm),340,2100,0,2500
2026-07-09 16:23:58,Pond Level (mm),50,2096,0,2500
2026-07-09 16:23:58,Current Output (kW),33,434,0,1050
2026-07-09 16:23:58,Station Setpoint (kW),60,454,0,1050
2026-07-09 16:23:58,WL Setpoint (mm),340,2100,0,2500
2026-07-09 16:24:03,Pond Level (mm),50,2096,0,2500
2026-07-09 16:24:03,Current Output (kW),33,433,0,1050
2026-07-09 16:24:03,Station Setpoint (kW),60,454,0,1050
2026-07-09 16:24:03,WL Setpoint (mm),340,2100,0,2500
2026-07-09 16:24:08,Pond Level (mm),50,2096,0,2500
2026-07-09 16:24:08,Current Output (kW),33,445,0,1050
2026-07-09 16:24:08,Station Setpoint (kW),60,454,0,1050
2026-07-09 16:24:08,WL Setpoint (mm),340,2100,0,2500
2026-07-09 16:24:13,Pond Level (mm),50,2096,0,2500
2026-07-09 16:24:13,Current Output (kW),33,447,0,1050
2026-07-09 16:24:13,Station Setpoint (kW),60,454,0,1050
2026-07-09 16:24:13,WL Setpoint (mm),340,2100,0,2500
2026-07-09 16:24:18,Pond Level (mm),50,2096,0,2500
2026-07-09 16:24:18,Current Output (kW),33,448,0,1050
2026-07-09 16:24:18,Station Setpoint (kW),60,454,0,1050
2026-07-09 16:24:18,WL Setpoint (mm),340,2100,0,2500
2026-07-09 16:24:23,Pond Level (mm),50,2096,0,2500
2026-07-09 16:24:23,Current Output (kW),33,448,0,1050
2026-07-09 16:24:23,Station Setpoint (kW),60,454,0,1050
2026-07-09 16:24:23,WL Setpoint (mm),340,2100,0,2500
2026-07-09 16:24:28,Pond Level (mm),50,2096,0,2500
2026-07-09 16:24:28,Current Output (kW),33,449,0,1050
2026-07-09 16:24:28,Station Setpoint (kW),60,454,0,1050
2026-07-09 16:24:28,WL Setpoint (mm),340,2100,0,2500
2026-07-09 16:24:33,Pond Level (mm),50,2096,0,2500
2026-07-09 16:24:33,Current Output (kW),33,449,0,1050
2026-07-09 16:24:33,Station Setpoint (kW),60,454,0,1050
2026-07-09 16:24:33,WL Setpoint (mm),340,2100,0,2500
2026-07-09 16:24:38,Pond Level (mm),50,2096,0,2500
2026-07-09 16:24:38,Current Output (kW),33,448,0,1050
2026-07-09 16:24:38,Station Setpoint (kW),60,454,0,1050
2026-07-09 16:24:38,WL Setpoint (mm),340,2100,0,2500
2026-07-09 16:24:43,Pond Level (mm),50,2096,0,2500
2026-07-09 16:24:43,Current Output (kW),33,447,0,1050
2026-07-09 16:24:43,Station Setpoint (kW),60,454,0,1050
2026-07-09 16:24:43,WL Setpoint (mm),340,2100,0,2500
2026-07-09 16:24:48,Pond Level (mm),50,2096,0,2500
2026-07-09 16:24:48,Current Output (kW),33,448,0,1050
2026-07-09 16:24:48,Station Setpoint (kW),60,453,0,1050
2026-07-09 16:24:48,WL Setpoint (mm),340,2100,0,2500
2026-07-09 16:24:53,Pond Level (mm),50,2096,0,2500
2026-07-09 16:24:53,Current Output (kW),33,447,0,1050
2026-07-09 16:24:53,Station Setpoint (kW),60,453,0,1050
2026-07-09 16:24:53,WL Setpoint (mm),340,2100,0,2500
2026-07-09 16:24:58,Pond Level (mm),50,2096,0,2500
2026-07-09 16:24:58,Current Output (kW),33,447,0,1050
2026-07-09 16:24:58,Station Setpoint (kW),60,453,0,1050
2026-07-09 16:24:58,WL Setpoint (mm),340,2100,0,2500
2026-07-09 16:25:03,Pond Level (mm),50,2096,0,2500
2026-07-09 16:25:03,Current Output (kW),33,445,0,1050
2026-07-09 16:25:03,Station Setpoint (kW),60,453,0,1050
2026-07-09 16:25:03,WL Setpoint (mm),340,2100,0,2500
2026-07-09 16:25:08,Pond Level (mm),50,2096,0,2500
2026-07-09 16:25:08,Current Output (kW),33,446,0,1050
2026-07-09 16:25:08,Station Setpoint (kW),60,453,0,1050
2026-07-09 16:25:08,WL Setpoint (mm),340,2100,0,2500
2026-07-09 16:25:18,Pond Level (mm),50,2097,0,2500
2026-07-09 16:25:18,Current Output (kW),33,445,0,1050
2026-07-09 16:25:18,Station Setpoint (kW),60,458,0,1050
2026-07-09 16:25:18,WL Setpoint (mm),340,2100,0,2500
2026-07-09 16:25:23,Pond Level (mm),50,2097,0,2500
2026-07-09 16:25:23,Current Output (kW),33,444,0,1050
2026-07-09 16:25:23,Station Setpoint (kW),60,458,0,1050
2026-07-09 16:25:23,WL Setpoint (mm),340,2100,0,2500
2026-07-09 16:25:28,Pond Level (mm),50,2097,0,2500
2026-07-09 16:25:28,Current Output (kW),33,443,0,1050
2026-07-09 16:25:28,Station Setpoint (kW),60,458,0,1050
2026-07-09 16:25:28,WL Setpoint (mm),340,2100,0,2500
2026-07-09 16:25:33,Pond Level (mm),50,2097,0,2500
2026-07-09 16:25:33,Current Output (kW),33,443,0,1050
2026-07-09 16:25:33,Station Setpoint (kW),60,458,0,1050
2026-07-09 16:25:33,WL Setpoint (mm),340,2100,0,2500
2026-07-09 16:25:38,Pond Level (mm),50,2097,0,2500
2026-07-09 16:25:38,Current Output (kW),33,443,0,1050
2026-07-09 16:25:38,Station Setpoint (kW),60,458,0,1050
2026-07-09 16:25:38,WL Setpoint (mm),340,2100,0,2500
2026-07-09 16:25:50,Pond Level (mm),50,2098,0,2500
2026-07-09 16:25:50,Current Output (kW),33,443,0,1050
2026-07-09 16:25:50,Station Setpoint (kW),60,463,0,1050
2026-07-09 16:25:50,WL Setpoint (mm),340,2100,0,2500
2026-07-09 16:25:55,Pond Level (mm),50,2098,0,2500
2026-07-09 16:25:55,Current Output (kW),33,448,0,1050
2026-07-09 16:25:55,Station Setpoint (kW),60,463,0,1050
2026-07-09 16:25:55,WL Setpoint (mm),340,2100,0,2500
2026-07-09 16:26:00,Pond Level (mm),50,2098,0,2500
2026-07-09 16:26:00,Current Output (kW),33,452,0,1050
2026-07-09 16:26:00,Station Setpoint (kW),60,463,0,1050
2026-07-09 16:26:00,WL Setpoint (mm),340,2100,0,2500
2026-07-09 16:26:06,Pond Level (mm),50,2098,0,2500
2026-07-09 16:26:06,Current Output (kW),33,453,0,1050
2026-07-09 16:26:06,Station Setpoint (kW),60,463,0,1050
2026-07-09 16:26:06,WL Setpoint (mm),340,2100,0,2500
2026-07-09 16:26:11,Pond Level (mm),50,2098,0,2500
2026-07-09 16:26:11,Current Output (kW),33,453,0,1050
2026-07-09 16:26:11,Station Setpoint (kW),60,463,0,1050
2026-07-09 16:26:11,WL Setpoint (mm),340,2100,0,2500
2026-07-09 16:26:20,Pond Level (mm),50,2099,0,2500
2026-07-09 16:26:20,Current Output (kW),33,453,0,1050
2026-07-09 16:26:20,Station Setpoint (kW),60,468,0,1050
2026-07-09 16:26:20,WL Setpoint (mm),340,2100,0,2500
2026-07-09 16:26:25,Pond Level (mm),50,2099,0,2500
2026-07-09 16:26:25,Current Output (kW),33,453,0,1050
2026-07-09 16:26:25,Station Setpoint (kW),60,468,0,1050
2026-07-09 16:26:25,WL Setpoint (mm),340,2100,0,2500
2026-07-09 16:26:30,Pond Level (mm),50,2099,0,2500
2026-07-09 16:26:30,Current Output (kW),33,452,0,1050
2026-07-09 16:26:30,Station Setpoint (kW),60,468,0,1050
2026-07-09 16:26:30,WL Setpoint (mm),340,2100,0,2500
2026-07-09 16:26:35,Pond Level (mm),50,2099,0,2500
2026-07-09 16:26:35,Current Output (kW),33,451,0,1050
2026-07-09 16:26:35,Station Setpoint (kW),60,468,0,1050
2026-07-09 16:26:35,WL Setpoint (mm),340,2100,0,2500
2026-07-09 16:26:40,Pond Level (mm),50,2099,0,2500
2026-07-09 16:26:40,Current Output (kW),33,452,0,1050
2026-07-09 16:26:40,Station Setpoint (kW),60,468,0,1050
2026-07-09 16:26:40,WL Setpoint (mm),340,2100,0,2500
2026-07-09 16:26:45,Pond Level (mm),50,2099,0,2500
2026-07-09 16:26:45,Current Output (kW),33,452,0,1050
2026-07-09 16:26:45,Station Setpoint (kW),60,468,0,1050
2026-07-09 16:26:45,WL Setpoint (mm),340,2100,0,2500
2026-07-09 16:26:50,Pond Level (mm),50,2099,0,2500
2026-07-09 16:26:50,Current Output (kW),33,451,0,1050
2026-07-09 16:26:50,Station Setpoint (kW),60,468,0,1050
2026-07-09 16:26:50,WL Setpoint (mm),340,2100,0,2500
2026-07-09 16:26:55,Pond Level (mm),50,2099,0,2500
2026-07-09 16:26:55,Current Output (kW),33,450,0,1050
2026-07-09 16:26:55,Station Setpoint (kW),60,468,0,1050
2026-07-09 16:26:55,WL Setpoint (mm),340,2100,0,2500
2026-07-09 16:27:00,Pond Level (mm),50,2099,0,2500
2026-07-09 16:27:00,Current Output (kW),33,450,0,1050
2026-07-09 16:27:00,Station Setpoint (kW),60,468,0,1050
2026-07-09 16:27:00,WL Setpoint (mm),340,2100,0,2500
2026-07-09 16:27:05,Pond Level (mm),50,2099,0,2500
2026-07-09 16:27:05,Current Output (kW),33,450,0,1050
2026-07-09 16:27:05,Station Setpoint (kW),60,468,0,1050
2026-07-09 16:27:05,WL Setpoint (mm),340,2100,0,2500
2026-07-09 16:27:10,Pond Level (mm),50,2099,0,2500
2026-07-09 16:27:10,Current Output (kW),33,450,0,1050
2026-07-09 16:27:10,Station Setpoint (kW),60,468,0,1050
2026-07-09 16:27:10,WL Setpoint (mm),340,2100,0,2500
2026-07-09 16:27:16,Pond Level (mm),50,2099,0,2500
2026-07-09 16:27:16,Current Output (kW),33,449,0,1050
2026-07-09 16:27:16,Station Setpoint (kW),60,468,0,1050
2026-07-09 16:27:16,WL Setpoint (mm),340,2100,0,2500
2026-07-09 16:27:21,Pond Level (mm),50,2099,0,2500
2026-07-09 16:27:21,Current Output (kW),33,448,0,1050
2026-07-09 16:27:21,Station Setpoint (kW),60,468,0,1050
2026-07-09 16:27:21,WL Setpoint (mm),340,2100,0,2500
2026-07-09 16:27:26,Pond Level (mm),50,2099,0,2500
2026-07-09 16:27:26,Current Output (kW),33,449,0,1050
2026-07-09 16:27:26,Station Setpoint (kW),60,468,0,1050
2026-07-09 16:27:26,WL Setpoint (mm),340,2100,0,2500
2026-07-09 16:27:31,Pond Level (mm),50,2099,0,2500
2026-07-09 16:27:31,Current Output (kW),33,448,0,1050
2026-07-09 16:27:31,Station Setpoint (kW),60,468,0,1050
2026-07-09 16:27:31,WL Setpoint (mm),340,2100,0,2500
2026-07-09 16:27:36,Pond Level (mm),50,2099,0,2500
2026-07-09 16:27:36,Current Output (kW),33,459,0,1050
2026-07-09 16:27:36,Station Setpoint (kW),60,468,0,1050
2026-07-09 16:27:36,WL Setpoint (mm),340,2100,0,2500
2026-07-09 16:27:41,Pond Level (mm),50,2099,0,2500
2026-07-09 16:27:41,Current Output (kW),33,460,0,1050
2026-07-09 16:27:41,Station Setpoint (kW),60,468,0,1050
2026-07-09 16:27:41,WL Setpoint (mm),340,2100,0,2500
2026-07-09 16:27:46,Pond Level (mm),50,2099,0,2500
2026-07-09 16:27:46,Current Output (kW),33,460,0,1050
2026-07-09 16:27:46,Station Setpoint (kW),60,468,0,1050
2026-07-09 16:27:46,WL Setpoint (mm),340,2100,0,2500
2026-07-09 16:27:51,Pond Level (mm),50,2099,0,2500
2026-07-09 16:27:51,Current Output (kW),33,461,0,1050
2026-07-09 16:27:51,Station Setpoint (kW),60,468,0,1050
2026-07-09 16:27:51,WL Setpoint (mm),340,2100,0,2500
2026-07-09 16:36:24,Pond Level (mm),50,2102,0,2500
2026-07-09 16:36:24,Current Output (kW),33,471,0,1050
2026-07-09 16:36:24,Station Setpoint (kW),60,483,0,1050
2026-07-09 16:36:29,Pond Level (mm),50,2102,0,2500
2026-07-09 16:36:29,Current Output (kW),33,471,0,1050
2026-07-09 16:36:29,Station Setpoint (kW),60,483,0,1050
2026-07-09 16:36:34,Pond Level (mm),50,2102,0,2500
2026-07-09 16:36:34,Current Output (kW),33,470,0,1050
2026-07-09 16:36:34,Station Setpoint (kW),60,483,0,1050
2026-07-09 16:36:39,Pond Level (mm),50,2102,0,2500
2026-07-09 16:36:39,Current Output (kW),33,469,0,1050
2026-07-09 16:36:39,Station Setpoint (kW),60,483,0,1050
2026-07-09 16:36:44,Pond Level (mm),50,2102,0,2500
2026-07-09 16:36:44,Current Output (kW),33,469,0,1050
2026-07-09 16:36:44,Station Setpoint (kW),60,483,0,1050
2026-07-09 16:36:49,Pond Level (mm),50,2101,0,2500
2026-07-09 16:36:49,Current Output (kW),33,469,0,1050
2026-07-09 16:36:49,Station Setpoint (kW),60,478,0,1050
2026-07-09 16:36:54,Pond Level (mm),50,2101,0,2500
2026-07-09 16:36:54,Current Output (kW),33,468,0,1050
2026-07-09 16:36:54,Station Setpoint (kW),60,478,0,1050
2026-07-09 16:36:59,Pond Level (mm),50,2101,0,2500
2026-07-09 16:36:59,Current Output (kW),33,467,0,1050
2026-07-09 16:36:59,Station Setpoint (kW),60,478,0,1050
2026-07-09 16:37:04,Pond Level (mm),50,2101,0,2500
2026-07-09 16:37:04,Current Output (kW),33,467,0,1050
2026-07-09 16:37:04,Station Setpoint (kW),60,478,0,1050
2026-07-09 16:37:09,Pond Level (mm),50,2101,0,2500
2026-07-09 16:37:09,Current Output (kW),33,467,0,1050
2026-07-09 16:37:09,Station Setpoint (kW),60,478,0,1050
2026-07-09 16:37:14,Pond Level (mm),50,2101,0,2500
2026-07-09 16:37:14,Current Output (kW),33,466,0,1050
2026-07-09 16:37:14,Station Setpoint (kW),60,478,0,1050
2026-07-09 16:37:19,Pond Level (mm),50,2101,0,2500
2026-07-09 16:37:19,Current Output (kW),33,466,0,1050
2026-07-09 16:37:19,Station Setpoint (kW),60,478,0,1050
2026-07-09 16:37:24,Pond Level (mm),50,2101,0,2500
2026-07-09 16:37:24,Current Output (kW),33,466,0,1050
2026-07-09 16:37:24,Station Setpoint (kW),60,478,0,1050
2026-07-09 16:37:29,Pond Level (mm),50,2101,0,2500
2026-07-09 16:37:29,Current Output (kW),33,466,0,1050
2026-07-09 16:37:29,Station Setpoint (kW),60,478,0,1050
2026-07-09 16:37:34,Pond Level (mm),50,2101,0,2500
2026-07-09 16:37:34,Current Output (kW),33,465,0,1050
2026-07-09 16:37:34,Station Setpoint (kW),60,478,0,1050
2026-07-09 16:37:34,Water Level Setpoint (mm),340,2100,0.0,2500.0
2026-07-09 16:37:39,Pond Level (mm),50,2101,0,2500
2026-07-09 16:37:39,Current Output (kW),33,465,0,1050
2026-07-09 16:37:39,Station Setpoint (kW),60,478,0,1050
2026-07-09 16:37:39,Water Level Setpoint (mm),340,2100,0.0,2500.0
2026-07-09 16:37:44,Pond Level (mm),50,2101,0,2500
2026-07-09 16:37:44,Current Output (kW),33,465,0,1050
2026-07-09 16:37:44,Station Setpoint (kW),60,478,0,1050
2026-07-09 16:37:44,Water Level Setpoint (mm),340,2100,0.0,2500.0
2026-07-09 16:37:49,Pond Level (mm),50,2102,0,2500
2026-07-09 16:37:49,Current Output (kW),33,465,0,1050
2026-07-09 16:37:49,Station Setpoint (kW),60,483,0,1050
2026-07-09 16:37:49,Water Level Setpoint (mm),340,2100,0.0,2500.0
2026-07-09 16:37:54,Pond Level (mm),50,2102,0,2500
2026-07-09 16:37:54,Current Output (kW),33,464,0,1050
2026-07-09 16:37:54,Station Setpoint (kW),60,483,0,1050
2026-07-09 16:37:54,Water Level Setpoint (mm),340,2100,0.0,2500.0
2026-07-09 16:37:59,Pond Level (mm),50,2102,0,2500
2026-07-09 16:37:59,Current Output (kW),33,464,0,1050
2026-07-09 16:37:59,Station Setpoint (kW),60,483,0,1050
2026-07-09 16:37:59,Water Level Setpoint (mm),340,2100,0.0,2500.0
2026-07-09 16:38:04,Pond Level (mm),50,2102,0,2500
2026-07-09 16:38:04,Current Output (kW),33,463,0,1050
2026-07-09 16:38:04,Station Setpoint (kW),60,483,0,1050
2026-07-09 16:38:04,Water Level Setpoint (mm),340,2100,0.0,2500.0
2026-07-09 16:38:10,Pond Level (mm),50,2102,0,2500
2026-07-09 16:38:10,Current Output (kW),33,463,0,1050
2026-07-09 16:38:10,Station Setpoint (kW),60,483,0,1050
2026-07-09 16:38:10,Water Level Setpoint (mm),340,2100,0.0,2500.0
2026-07-09 16:38:15,Pond Level (mm),50,2102,0,2500
2026-07-09 16:38:15,Current Output (kW),33,462,0,1050
2026-07-09 16:38:15,Station Setpoint (kW),60,483,0,1050
2026-07-09 16:38:15,Water Level Setpoint (mm),340,2100,0.0,2500.0
2026-07-09 16:38:20,Pond Level (mm),50,2102,0,2500
2026-07-09 16:38:20,Current Output (kW),33,471,0,1050
2026-07-09 16:38:20,Station Setpoint (kW),60,483,0,1050
2026-07-09 16:38:20,Water Level Setpoint (mm),340,2100,0.0,2500.0
2026-07-09 16:38:25,Pond Level (mm),50,2102,0,2500
2026-07-09 16:38:25,Current Output (kW),33,473,0,1050
2026-07-09 16:38:25,Station Setpoint (kW),60,483,0,1050
2026-07-09 16:38:25,Water Level Setpoint (mm),340,2100,0.0,2500.0
2026-07-09 16:38:30,Pond Level (mm),50,2102,0,2500
2026-07-09 16:38:30,Current Output (kW),33,475,0,1050
2026-07-09 16:38:30,Station Setpoint (kW),60,483,0,1050
2026-07-09 16:38:30,Water Level Setpoint (mm),340,2100,0.0,2500.0
2026-07-09 16:38:35,Pond Level (mm),50,2102,0,2500
2026-07-09 16:38:35,Current Output (kW),33,475,0,1050
2026-07-09 16:38:35,Station Setpoint (kW),60,483,0,1050
2026-07-09 16:38:35,Water Level Setpoint (mm),340,2100,0.0,2500.0
2026-07-09 16:38:40,Pond Level (mm),50,2102,0,2500
2026-07-09 16:38:40,Current Output (kW),33,474,0,1050
2026-07-09 16:38:40,Station Setpoint (kW),60,483,0,1050
2026-07-09 16:38:40,Water Level Setpoint (mm),340,2100,0.0,2500.0
2026-07-09 16:38:45,Pond Level (mm),50,2102,0,2500
2026-07-09 16:38:45,Current Output (kW),33,474,0,1050
2026-07-09 16:38:45,Station Setpoint (kW),60,483,0,1050
2026-07-09 16:38:45,Water Level Setpoint (mm),340,2100,0.0,2500.0
2026-07-09 16:38:50,Pond Level (mm),50,2102,0,2500
2026-07-09 16:38:50,Current Output (kW),33,474,0,1050
2026-07-09 16:38:50,Station Setpoint (kW),60,483,0,1050
2026-07-09 16:38:50,Water Level Setpoint (mm),340,2100,0.0,2500.0
2026-07-09 16:38:55,Pond Level (mm),50,2102,0,2500
2026-07-09 16:38:55,Current Output (kW),33,475,0,1050
2026-07-09 16:38:55,Station Setpoint (kW),60,483,0,1050
2026-07-09 16:38:55,Water Level Setpoint (mm),340,2100,0.0,2500.0
2026-07-09 16:39:00,Pond Level (mm),50,2102,0,2500
2026-07-09 16:39:00,Current Output (kW),33,474,0,1050
2026-07-09 16:39:00,Station Setpoint (kW),60,483,0,1050
2026-07-09 16:39:00,Water Level Setpoint (mm),340,2100,0.0,2500.0
2026-07-09 16:39:05,Pond Level (mm),50,2102,0,2500
2026-07-09 16:39:05,Current Output (kW),33,474,0,1050
2026-07-09 16:39:05,Station Setpoint (kW),60,483,0,1050
2026-07-09 16:39:05,Water Level Setpoint (mm),340,2100,0.0,2500.0
2026-07-09 16:39:10,Pond Level (mm),50,2102,0,2500
2026-07-09 16:39:10,Current Output (kW),33,473,0,1050
2026-07-09 16:39:10,Station Setpoint (kW),60,483,0,1050
2026-07-09 16:39:10,Water Level Setpoint (mm),340,2100,0.0,2500.0
2026-07-09 16:39:15,Pond Level (mm),50,2102,0,2500
2026-07-09 16:39:15,Current Output (kW),33,473,0,1050
2026-07-09 16:39:15,Station Setpoint (kW),60,483,0,1050
2026-07-09 16:39:15,Water Level Setpoint (mm),340,2100,0.0,2500.0
2026-07-09 16:39:20,Pond Level (mm),50,2102,0,2500
2026-07-09 16:39:20,Current Output (kW),33,473,0,1050
2026-07-09 16:39:20,Station Setpoint (kW),60,483,0,1050
2026-07-09 16:39:20,Water Level Setpoint (mm),340,2100,0.0,2500.0
2026-07-09 16:39:25,Pond Level (mm),50,2102,0,2500
2026-07-09 16:39:25,Current Output (kW),33,472,0,1050
2026-07-09 16:39:25,Station Setpoint (kW),60,483,0,1050
2026-07-09 16:39:25,Water Level Setpoint (mm),340,2100,0.0,2500.0
2026-07-09 16:39:30,Pond Level (mm),50,2102,0,2500
2026-07-09 16:39:30,Current Output (kW),33,472,0,1050
2026-07-09 16:39:30,Station Setpoint (kW),60,483,0,1050
2026-07-09 16:39:30,Water Level Setpoint (mm),340,2100,0.0,2500.0
